id,name,japanese_name,aka,class,stars,gender,strength,endurance,agility,mana,luck,np,cost,min_attack,max_attack,grail_atk,min_hp,max_hp,grail_hp,voice_actor,illustrator,attribute,growth_curve,star_absorption,star_generation,np_charge_atk,np_charge_def,death_rate,alignments,traits,cards
1,Mashu Kyrielight,マシュ・キリエライト,"Mashu Kirielite, Mash",Shielder,4.0,Female,C,A,D,B,C,,0,1261,6791.0,10575.0,1854,10302.0,15619.0,Takahashi Rie,Takeuchi Takashi,Earth,Linear,99,9.9%,0.84%,3%,24.5%,Lawful・Good,"Costume-Owning, Demi-servant, Female, Humanoid, Living Human, Riding, Servant, Weak to Enuma Elish",QAABB
2,Artoria Pendragon,アルトリア・ペンドラゴン,"King of Knights of the Holy Sword  ( 聖剣の騎士王,  Seiken no Kishi-ō ? ) King of Knights  ( 騎士王,  Kishi-ō ? ) Altria Pendragon, Arturia Pendragon, King Arthur, Blue Saber",Saber,5.0,Female,B,B,B,A,A+,A++,16,1734,11221.0,12283.0,2222,15150.0,16597.0,Kawasumi Ayako,Takeuchi Takashi,Earth,Linear,102,10%,0.86%,3%,21%,Lawful・Good,"Arthur, Costume-Owning, Dragon, Female, Humanoid, King, Riding, Saberface, Servant, Weak to Enuma Elish",QAABB
3,Artoria Pendragon (Alter),アルトリア・ペンドラゴン〔オルタ〕,"Saber Alter, Dark-Tainted Tyrant, Artoria Alter, Black Saber, Salter",Saber,4.0,Female,A,A,D,A++,C,A++,12,1708,10248.0,12408.0,1854,11589.0,14051.0,Kawasumi Ayako,Takeuchi Takashi,Man,S,99,9.9%,0.86%,3%,19.2%,Lawful・Evil,"Arthur, Costume-Owning, Dragon, Female, King, Humanoid, Saberface, Servant, Weak to Enuma Elish",QAABB
4,Artoria Pendragon (Lily),アルトリア・ペンドラゴン〔リリィ〕,"Saber Lily, Artoria Lily",Saber,4.0,Female,C,C,B,A,A+,B,12,1287,7726.0,9355.0,1699,10623.0,12880.0,Kawasumi Ayako,Takeuchi Takashi,Earth,S,102,10%,0.86%,3%,21%,Lawful・Good,"Arthur, Dragon, Female, Humanoid, King, Riding, Saberface, Servant, Weak to Enuma Elish",QAABB
5,Nero Claudius,ネロ・クラウディウス,"Emperor of Roses  ( 薔薇の皇帝,  Bara no Kōtei ? ), Red Saber, Nero Claudius Caesar Augustus Germanicus",Saber,4.0,Female,D,D,A,B,A,B,12,1574,9449.0,11441.0,1880,11753.0,14250.0,Tange Sakura,Wada Arco,Man,Reverse S,102,10.1%,0.84%,3%,24.5%,Chaotic・Good,"Costume-Owning, Female, Humanoid, King, Riding, Roman, Saberface, Servant, Weak to Enuma Elish",QAABB
6,Siegfried,ジークフリート,"Sigurd ,  Tenacious Dragon Slayer  ( 不撓不屈の竜殺し,  Futō Fukutsu no Ryū Goroshi ? ) Saber of Black, Dragon-Blooded Knight",Saber,4.0,Male,B+,A,B,C,E,A,12,1363,8181.0,9905.0,2266,14165.0,17175.0,Suwabe Junichi,Konoe Ototsugu,Earth,S,97,10%,0.83%,3%,28%,Chaotic・Good,"Brynhildr's Beloved, Costume-Owning, Dragon, Humanoid, King, Male, Riding, Servant, Weak to Enuma Elish",QAABB
7,Gaius Julius Caesar,ガイウス・ユリウス・カエサル,"Julius Caesar, Red Saber (Self-Proclaimed)",Saber,3.0,Male,A,B,B,D,C,B+,7,1392,7497.0,10146.0,1727,9595.0,13009.0,Okiayu Ryoutarou,Shimadoriru,Man,S,99,10%,1.1%,3%,31.5%,True Neutral,"Brynhildr's Beloved, Divine, Humanoid, King, Male, Riding, Roman, Servant, Weak to Enuma Elish",QQABB
8,Altera,アルテラ,"Great King of Destruction  ( 破壞の大王,  Hakai no Daiō ? ) Attila the Hun, Destroyer of Civilization, Etzel, King of Combat",Saber,5.0,Female,B,A,A,B,A,A+,16,1907,12343.0,13511.0,2039,13907.0,15236.0,Noto Mamiko,huke,Man,Linear,102,10.1%,0.84%,3%,24.5%,Chaotic・Good,"Costume-Owning, Divine, Female, Humanoid, King, Riding, Servant, Weak to Enuma Elish",QAABB
9,Gilles de Rais (Saber),ジル・ド・レェ,,Saber,3.0,Male,B,C,C,D,D,B,7,1228,6615.0,8952.0,1889,10498.0,14234.0,Tsuruoka Satoshi,Shinjirō,Man,S,98,9.9%,0.82%,3%,31.5%,Lawful・Good,"Brynhildr's Beloved, Humanoid, Male, Riding, Servant, Weak to Enuma Elish",QAABB
10,Chevalier d'Eon,シュヴァリエ・デオン,"Knight of the White Lily, Maid Knight,  Charles-Geneviève-Louis-Auguste-André-Timothée d’Éon de Beaumont",Saber,4.0,Unknown,A,B,B,C,A,C,12,1460,8765.0,10613.0,2121,13256.0,16073.0,Saito Chiwa,Moriyama Daisuke,Man,Reverse S,102,10%,0.83%,3%,28%,True Neutral,"Feminine Looking, Humanoid, Riding, Servant, Weak to Enuma Elish",QAABB
11,EMIYA,エミヤ,"Wrought Iron Hero  ( 錬鉄の英霊,  Rentetsu no Eirei ? ) 
 Emiya Shirou  ( 衛宮士郎,  Emiya Shirō ? ),  Nameless /No Name (無銘), Red Archer, Red Bowman, Faker (フェイカー), Hero of Justice (正義の味方)",Archer,4.0,Male,D,C,C,B,E,???,12,1566,9398.0,11379.0,1843,11521.0,13969.0,Suwabe Jun'ichi,Takeuchi Takashi,Man,S,145,7.9%,0.51%,3%,31.5%,True Neutral,"Brynhildr's Beloved, Costume-Owning, Humanoid, Male, Servant, Weak to Enuma Elish",QAAAB
12,Gilgamesh,ギルガメッシュ,"Humanity's Oldest King  ( 人類最古の王,  Jinrui Saiko no Ō ? ) King of Heroes of Decadence  ( 退廃の英雄王,  Taihai no Eiyū-ō ? ), A U O King of Heroes, Linchpin of Heaven, King of Uruk, King of Babylonia, The Golden King",Archer,5.0,Male,B,C,C,B,A,EX,16,1897,12280.0,13442.0,1920,13097.0,14348.0,Seki Tomokazu,Takeuchi Takashi,Sky,Reverse S,153,7.9%,0.34%,3%,31.5%,Chaotic・Good,"Divine, Humanoid, King, Male, Servant, Weak to Enuma Elish",QAABB
13,Robin Hood,ロビンフッド,"Hunter of the Woods  ( 森の狩人,  Mori no Kariudo ? ), Green Archer",Archer,3.0,Male,C,C,B,B,B,D,7,1247,6715.0,9088.0,1833,10187.0,13812.0,Toriumi Kousuke,Wada Arco,Man,Linear,150,8%,0.87%,3%,31.5%,Neutral・Good,"Brynhildr's Beloved, Costume-Owning, Humanoid, Male, Servant, Weak to Enuma Elish",QQAAB
14,Atalanta,アタランテ,"Hunter of Chastity  ( 純潔の狩人,  Junketsu no Kariudo ? ) Archer of Red, Atalante",Archer,4.0,Female,D,E,A,B,C,C,12,1438,8633.0,10453.0,1996,12476.0,15127.0,Hayami Saori,Rin Kususaga,Earth,Reverse S,148,8%,0.5%,3%,31.5%,Neutral・Evil,"Argo-Related, Female, Humanoid, Servant, Weak to Enuma Elish",QQAAB
15,Euryale,エウリュアレ,The Far-Flier,Archer,3.0,Female,E,E,C,EX,EX,C,7,1306,7032.0,9517.0,1711,9506.0,12889.0,Asakawa Yuu,AKIRA,Sky,Linear,156,7.9%,0.9%,3%,22.5%,Chaotic・Good,"Costume-Owning, Divine, Female, Humanoid, Servant, Weak to Enuma Elish",QQAAB
16,Arash,アーラシュ,"Arash Kamangir, Āraš-e Kamāngīr",Archer,1.0,Male,B,A,B+,E,D,B++,3,1057,5816.0,9037.0,1424,7122.0,10979.0,Tsuruoka Satoshi,BLACK,Earth,Linear,147,8%,0.84%,3%,45%,Chaotic・Neutral,"Brynhildr's Beloved, Humanoid, Male, Servant, Weak to Enuma Elish",QAABB
17,Cú Chulainn,クー・フーリン,"Child of Light  ( 光の御子,  Hikari no Miko ? ) 
 Beast of Culann  ( クランの猛犬,  Kuran no Mōken ? ) 
Cu Chulainn,  Sétanta , Hound of Ulster, Coo Hullan, Child of the Sun",Lancer,3.0,Male,B,C,A,C,E,B,7,1334,7239.0,9797.0,1726,9593.0,13007.0,Canna Nobutoshi,Takeuchi Takashi,Sky,Reverse S,87,12.1%,1.07%,4%,32%,Lawful・Neutral,"Brynhildr's Beloved, Divine, Humanoid, Male, Servant, Weak to Enuma Elish",QQABB
18,Elizabeth Báthory,エリザベート・バートリー,"Elisabeth Báthory, Elizabeth Bathory, Blood Countess, Countess Dracula",Lancer,4.0,Female,C,D,E,A,B,D,12,1520,9122.0,11045.0,1899,11870.0,14392.0,Ookubo Rumi,Wada Arco,Man,Linear,90,11.8%,1.1%,4%,11.8%,Chaotic・Evil,"Dragon, Female, Humanoid, Servant, Weak to Enuma Elish",QQABB
19,Musashibō Benkei,武蔵坊弁慶,"Hitachibou Kaison  ( 常陸坊海尊,  Hitachibō Kaison ? ), Musashibou Benkei",Lancer,2.0,Male,A,B+,C,D,C,C,4,1029,5801.0,8406.0,1722,9149.0,13204.0,Inada Tetsu,Shinjirō,Man,Reverse S,89,11.9%,0.79%,4%,36%,Chaotic・Good,"Brynhildr's Beloved, Genji, Humanoid, Male, Servant, Weak to Enuma Elish",QQAAB
20,Cú Chulainn (Prototype),クー・フーリン〔プロトタイプ〕,"Proto Lancer, Cu Chulainn (Prototype), Sétanta, Hound of Ulster, Coo Hullan (Prototype), Child of the Sun, Child of Light",Lancer,3.0,Male,A,C,A+,B,D,B,7,1315,7082.0,9584.0,1817,10098.0,13691.0,Nakai Kazuya,Nakahara,Sky,S,88,12.1%,1.08%,4%,28%,Lawful・Neutral,"Divine, Humanoid, Male, Servant, Weak to Enuma Elish",QQABB
21,Leonidas I,レオニダス一世,,Lancer,2.0,Male,B,A,D,C,C,B,4,1168,6583.0,9539.0,1498,7959.0,11486.0,Miki Shinichirou,Shimaudon,Man,Reverse S,89,11.8%,1.07%,4%,32%,Lawful・Neutral,"Humanoid, King, Male, Servant, Weak to Enuma Elish",QQABB
22,Romulus,ロムルス,"The Divine Ancestor, King of Nation Building, Roma",Lancer,3.0,Male,B,A,A,C,B,A++,7,1344,7239.0,9797.0,1779,9883.0,13400.0,Okiayu Ryoutarou,Koyama Hirokazu,Star,Linear,90,12.1%,1.07%,4%,32%,Chaotic・Neutral,"Humanoid, King, Male, Roman, Servant",QQABB
23,Medusa,メドゥーサ,"Female Monster of Gorgon  ( ゴルゴーンの女怪,  Gorugōn no Jokai ? )",Rider,3.0,Female,B,D,A,B,E,A+,7,1337,7200.0,9744.0,1608,8937.0,12117.0,Asakawa Yuu,Takeuchi Takashi,Earth,Linear,194,9%,0.58%,3%,35%,Chaotic・Good,"Divine, Female, Humanoid, Riding, Servant, Weak to Enuma Elish",QQAAB
24,Georgios,ゲオルギウス,Saint George,Rider,2.0,Male,D,A+,C++,D,A+,B,4,929,5236.0,7587.0,1731,9200.0,13278.0,Saizen Tadahisa,Higashiguchi Chuuou,Man,Linear,205,8.9%,0.85%,3%,45%,Lawful・Good,"Brynhildr's Beloved, Humanoid, Male, Riding, Servant, Weak to Enuma Elish",QQAAB
25,Edward Teach,エドワード・ティーチ,"Blackbeard  ( 黒髭,  Kuro Hige ? )",Rider,2.0,Male,B+,A,E,D,C,C,4,1097,6188.0,8967.0,1488,7907.0,11411.0,Saizen Tadahisa,B-suke,Man,S,198,8.8%,0.56%,3%,45%,Chaotic・Evil,"Humanoid, Male, Servant, Weak to Enuma Elish",QAABB
26,Boudica,ブーディカ,Queen of Victory,Rider,3.0,Female,C,B+,C,D,D,B+,7,1168,6289.0,8511.0,1823,10130.0,13735.0,Saito Chiwa,Aotsuki Takao,Man,Linear,196,8.9%,0.85%,3%,45%,Neutral・Good,"Female, Humanoid, King, Riding, Servant, Weak to Enuma Elish",QQAAB
27,Ushiwakamaru,牛若丸,Minamoto no Yoshitsune  ( 源義経 ? ),Rider,3.0,Female,D,C,A+,B,A,A+,7,1314,7076.0,9576.0,1625,9028.0,12240.0,Hayami Saori,Sakamoto Mineji,Man,Reverse S,204,9.1%,0.87%,3%,35%,Chaotic・Neutral,"Brynhildr's Beloved, Costume-Owning, Female, Genji, Humanoid, Riding, Servant, Weak to Enuma Elish",QQAAB
28,Alexander,アレキサンダー,Young Iskandar,Rider,3.0,Male,C,B,B,C,A+,B+,7,1366,7356.0,9955.0,1555,8640.0,11714.0,Sakamoto Maaya,BUNBUN,Man,Linear,205,9%,0.86%,3%,40%,Neutral・Good,"Children Servants, Divine, Greek Mythology Males, Humanoid, King, Male, Riding, Servant, Weak to Enuma Elish",QQAAB
29,Marie Antoinette,マリー・アントワネット,,Rider,4.0,Female,D,D,B,B,B+,A+,12,1382,8293.0,10041.0,1975,12348.0,14972.0,Taneda Risa,Ginka,Man,Reverse S,201,9%,1%,3%,35%,Lawful・Good,"Female, Humanoid, Riding, Servant, Weak to Enuma Elish",QQAAB
30,Martha,マルタ,"Saint Martha, Dragon Rider",Rider,4.0,Female,D,C,B,A,A+,A+,12,1335,8014.0,9703.0,2090,13068.0,15845.0,Hayami Saori,Sakamoto Mineji,Man,Linear,205,9%,1.58%,3%,30%,Lawful・Good,"Divine, Female, Humanoid, Riding, Servant, Weak to Enuma Elish",QAAAB
31,Medea,メディア,"Witch of Betrayal  ( 裏切りの魔女,  Uragiri no Majo ? )",Caster,3.0,Female,E,D,C,A+,B,C,7,1377,7418.0,10039.0,1555,8643.0,11719.0,Tanaka Atsuko,Nekotawawa,Earth,S,50,10.9%,1.64%,3%,34.5%,Neutral・Evil,"Argo-Related, Female, Humanoid, Servant, Weak to Enuma Elish",QAAAB
32,Gilles de Rais,ジル・ド・レェ,"Holy Monster  ( 聖なる怪物,  Seinaru Kaibutsu ? ) Bluebeard, Demon Marshal",Caster,3.0,Male,D,E,D,C,E,A+,7,1209,6514.0,8816.0,1711,9506.0,12889.0,Tsuruoka Satoshi,Azusa,Man,S,48,10.8%,1.58%,3%,48%,Chaotic・Evil,"Humanoid, Male, Servant, Weak to Enuma Elish",QAAAB
33,Hans Christian Andersen,ハンス・クリスチャン・アンデルセン,,Caster,2.0,Male,E,E,E,EX,E,C,4,1021,5758.0,8344.0,1597,8484.0,12244.0,"Koyasu Takehito, Tanaka Rie",Wada Arco,Man,S,48,10.8%,1.66%,3%,30%,Lawful・Neutral,"Children Servants, Humanoid, Male, Servant, Weak to Enuma Elish",QAAAB
34,William Shakespeare,ウィリアム・シェイクスピア,"The Greatest Writer  ( 偉大なる文豪,  Idainaru Bungō ? ) Caster of Red",Caster,2.0,Male,E,E,D,C++,B,C+,4,1028,5798.0,8402.0,1520,8080.0,11661.0,Inada Tetsu,Konoe Ototsugu,Man,S,50,10.8%,1.59%,3%,45%,True Neutral,"Humanoid, Male, Servant, Weak to Enuma Elish",QAAAB
35,Mephistopheles,メフィストフェレス,,Caster,3.0,Male,D,C,B,A,B,B,7,1270,6839.0,9255.0,1659,9216.0,12495.0,Koyasu Takehito,Simosi,Earth,Reverse S,50,11%,0.81%,3%,36%,Chaotic・Evil,"Humanoid, Male, Servant, Weak to Enuma Elish",QAAAB
36,Wolfgang Amadeus Mozart,ヴォルフガング・アマデウス・モーツァルト,Gottlieb,Caster,1.0,Male,D,E,B,B+,D,B,3,944,5195.0,8072.0,1425,7129.0,10990.0,Seki Tomokazu,PFALZ,Star,Linear,49,11%,1.6%,3%,40.5%,Neutral・Good,"Brynhildr's Beloved, Humanoid, Male, Servant",QAAAB
37,Zhuge Liang (Lord El-Melloi II),諸葛孔明〔エルメロイⅡ世〕,"Waver Velvet  ( ウェイバー・ベルベット ? ),""El-Melloi II"", Shokatsu Koumei",Caster,5.0,Male,E,E,D,A+,B+,A,16,1637,10598.0,11601.0,2091,14259.0,15621.0,Namikawa Daisuke,Takeuchi Takashi,Man,S,50,10.8%,1.64%,3%,34.5%,Neutral・Good,"Brynhildr's Beloved, Humanoid, Living Human, Male, Pseudo-Servant, Servant, Weak to Enuma Elish",QAAAB
38,Cú Chulainn (Caster),クー・フーリン,"Child of Light  ( 光の御子,  Hikari no Miko ? )",Caster,,Male,E,D,C,B,D,B,8,1222,6580.0,8905.0,1728,9604.0,13022.0,Canna Nobutoshi,Mata,Sky,Reverse S,49,10.9%,1.6%,3%,42%,Lawful・Neutral,"Brynhildr's Beloved, Divine, Humanoid, Male, Servant, Weak to Enuma Elish",QAAAB
39,Sasaki Kojirō,佐々木小次郎,"Nameless Master  ( 無名の達人,  Mumei no Tatsujin ? ) Nameless Samurai, Sasaki Kojirou, REGEND, Saviour of France",Assassin,1.0,Male,C,E,A+,E,A,,3,1042,5735.0,8912.0,1244,6220.0,9588.0,Miki Shinichirou,Mata,Man,Reverse S,102,25.3%,1.05%,4%,55%,Neutral・Evil,"Humanoid, Male, Servant, Weak to Enuma Elish",QQQAB
40,Hassan of the Cursed Arm,呪腕のハサン,"Assassin of The White Skull  ( 白髏の 暗殺者 アサシン ,  Hakurō no Asashin ? ) True Assassin, Hanam, Cursed Arm Hassan",Assassin,2.0,Male,B,C,A,C,E,C,4,1114,6280.0,9100.0,1429,7594.0,10960.0,Inada Tetsu,Task Ohna,Man,Linear,97,25.2%,1.07%,4%,44%,Lawful・Evil,"Humanoid, Male, Servant, Weak to Enuma Elish",QQQAB
41,Stheno,ステンノ,,Assassin,4.0,Female,E,E,B,EX,EX,B,12,1497,8985.0,10879.0,1843,11518.0,13965.0,Asakawa Yuu,AKIRA,Sky,Linear,104,25%,2.26%,4%,27.5%,Chaotic・Good,"Divine, Female, Humanoid, Servant, Weak to Enuma Elish",QQQAB
42,Jing Ke,荊軻,Keika,Assassin,3.0,Female,D,E,A,E,D,B,7,1338,7207.0,9754.0,1492,8293.0,11244.0,Tanaka Atsuko,Takahashi Keitarō,Man,Reverse S,98,25.2%,1.05%,4%,55%,Chaotic・Good,"Female, Humanoid, Servant, Weak to Enuma Elish",QQQAB
43,Charles-Henri Sanson,シャルル＝アンリ・サンソン,,Assassin,2.0,Male,D,D,C,D,A,B,4,968,5456.0,7906.0,1568,8309.0,11991.0,Miyano Mamoru,Shimadoriru,Man,S,102,24.8%,1.06%,4%,49.5%,Lawful・Evil,"Humanoid, Male, Servant, Weak to Enuma Elish",QQQAB
44,Phantom of the Opera,ファントム・オブ・ジ・オペラ,"Erik  ( エリック ? ),  Berserker of Shinjuku  ( 新宿のバーサーカー ? )",Assassin,2.0,Male,B,C,A,D,D,B,4,1003,5654.0,8193.0,1580,8393.0,12112.0,Okiayu Ryoutarou,Shimaudon,Earth,Linear,98,25.2%,0.71%,4%,49.5%,Chaotic・Evil,"Humanoid, Male, Servant, Weak to Enuma Elish",QQQAB
45,Mata Hari,マタ・ハリ,"Margaretha Geertruida Zelle, The Girl Who Has Sunny Eyes",Assassin,1.0,Female,E,E,E,E,D,A+,3,977,5377.0,8355.0,1313,6565.0,10120.0,Taneda Risa,Koyama Hirokazu,Man,Reverse S,98,24.6%,2.1%,4%,55%,Chaotic・Neutral,"Female, Humanoid, Servant, Weak to Enuma Elish",QQQAB
46,Carmilla,カーミラ,Elizabeth Báthory,Assassin,4.0,Female,D,D,A,C,D,B,12,1568,9408.0,11391.0,1675,10473.0,12698.0,Tanaka Atsuko,okojo,Earth,S,98,25.2%,2.15%,4%,44%,Chaotic・Evil,"Female, Humanoid, Servant, Weak to Enuma Elish",QQQAB
47,Heracles,ヘラクレス,"The Immortal Great Hero  ( 不死身の大英雄,  Fujimi no Dai Eiyū ? ) Hércules,  Megalos",Berserker,4.0,Male,A+,A,A,A,B,A,12,1775,10655.0,12901.0,1652,10327.0,12521.0,Saizen Tadahisa,Azusa,Sky,Reverse S,10,5%,1.07%,5%,39%,Chaotic・Insane,"Argo-Related, Divine, Greek Mythology Males, Humanoid, Male, Servant, Weak to Enuma Elish",QABBB
48,Lancelot,ランスロット,"Knight of the Lake  ( 湖の騎士,  Mizu-umi no Kishi ? ) Black Knight, Mad Dog",Berserker,4.0,Male,A,A,A+,C,B,A,12,1746,10477.0,12685.0,1652,10327.0,12521.0,Okiayu Ryoutarou,Koyama Hirokazu,Earth,S,10,5%,0.5%,5%,52%,Lawful・Insane,"Humanoid, Male, Servant, Weak to Enuma Elish",QABBB
49,Lu Bu Fengxian,呂布奉先,"General of Repetition, Lü Bu Fengxian, Ryo Fu",Berserker,3.0,Male,A+,A+,B+,C+,C+,A,7,1507,8119.0,10988.0,1494,8302.0,11256.0,Yasui Kunihiko,Wada Arco,Man,Reverse S,9,5%,1.04%,5%,50.3%,Chaotic・Evil,"Humanoid, Male, Mechanical, Servant, Weak to Enuma Elish",QABBB
50,Spartacus,スパルタクス,"Gladiator of Thrace  ( トラキアの剣闘士,  Torakia no Ken Tōshi ? ) Berserker of Red",Berserker,1.0,Male,A,EX,D,E,D,C,3,922,5073.0,7883.0,1544,7722.0,11904.0,Tsuruoka Satoshi,Konoe Ototsugu,Man,Reverse S,9,4.9%,1.01%,5%,65%,True Neutral,"Humanoid, Male, Roman, Servant, Weak to Enuma Elish",QABBB
51,Sakata Kintoki,坂田金時,"Kintarō  ( 金太郎 ? ), Golden",Berserker,5.0,Male,A+,B,B,C,C,C,16,1964,12712.0,13915.0,1782,12150.0,13311.0,Yusa Kōji,Honjou Raita,Man,Reverse S,9,5%,1.03%,5%,52%,Lawful・Good,"Brynhildr's Beloved, Costume-Owning, Divine, Genji, Humanoid, Male, Servant, Weak to Enuma Elish",QABBB
52,Vlad III,ヴラド三世,"Lord Impaler  ( 串刺し公,  Kushizashi Kō ? ) Lancer of Black, Vlad Ţepeş, Count Dracula",Berserker,5.0,Male,A,A,C,B,E,A,16,1777,11499.0,12587.0,2019,13770.0,15086.0,Okiayu Ryoutarou,Maeda Hirotaka,Earth,S,9,4.9%,0.5%,5%,45.5%,Chaotic・Evil,"Brynhildr's Beloved, Humanoid, King, Male, Servant, Weak to Enuma Elish",QAABB
53,Asterios,アステリオス,Minotaur,Berserker,1.0,Male,A++,A++,C,D,E,A,3,1097,6037.0,9381.0,1320,6604.0,10181.0,Toriumi Kousuke,Shimadoriru,Earth,Linear,9,4.9%,0.68%,5%,58.5%,Chaotic・Evil,"Children Servants, Demonic Beast Servants, Giant, Greek Mythology Males, Humanoid, Male, Servant, Weak to Enuma Elish",QABBB
54,Caligula,カリギュラ,Emperor of Death,Berserker,2.0,Male,A+,B+,B+,D+,D+,C,4,1374,6831.0,9899.0,1211,7303.0,10540.0,Tsuruoka Satoshi,BLACK,Man,S,9,5%,0.68%,5%,56.8%,Chaotic・Evil,"Humanoid, King, Male, Roman, Servant, Weak to Enuma Elish",QABBB
55,Darius III,ダレイオス三世,,Berserker,3.0,Male,A,A+,B,E,D,A,7,1412,7608.0,10297.0,1577,8763.0,11881.0,Yasui Kunihiko,PFALZ,Man,Linear,9,5%,0.67%,5%,65%,Lawful・Neutral,"Giant, Humanoid, King, Male, Servant, Weak to Enuma Elish",QABBB
56,Kiyohime,清姫,,Berserker,3.0,Female,E,E,C,E,E,EX,7,1233,6644.0,8992.0,1649,9166.0,12428.0,Taneda Risa,BLACK,Earth,Linear,9,4.9%,2.03%,5%,65%,Chaotic・Evil,"Children Servants, Dragon, Female, Humanoid, Servant, Weak to Enuma Elish",QABBB
57,Eric Bloodaxe,エイリーク・ブラッドアクス,"Bloodaxe King, Eric Haraldsson",Berserker,2.0,Male,B+,B+,D,D,C,C,4,1116,6290.0,9115.0,1447,7688.0,11095.0,Yasui Kunihiko,Aotsuki Takao,Man,Linear,9,4.9%,1.02%,5%,58.5%,Chaotic・Neutral,"Humanoid, King, Male, Servant, Weak to Enuma Elish",QABBB
58,Tamamo Cat,タマモキャット,,Berserker,4.0,Female,B+,E,A,A,B,D,12,1504,9026.0,10929.0,1833,11458.0,13893.0,Saito Chiwa,Wada Arco,Earth,Reverse S,10,5%,0.71%,5%,39%,Chaotic・Good,"Beast, Costume-Owning, Demonic Beast Servants, Female, Humanoid, Servant, Weak to Enuma Elish",QABBB
59,Jeanne d'Arc,ジャンヌ・ダルク,"Holy Maiden of Salvation  ( 救国の聖女,  Kyūkoku no Seijo ? ) Joan of Arc , Juana de Arco, La Pucelle d'Orléans, The Maiden of Orleans, St. Joan, Laeticia",Ruler,5.0,Female,B,B,A,A,C,A++,16,1482,9593.0,10501.0,2420,16500.0,18076.0,Sakamoto Maaya,Takeuchi Takashi,Star,Reverse S,99,10.1%,0.76%,3%,21%,Lawful・Good,"Costume-Owning, Female, Humanoid, Saberface, Servant, Weak to Enuma Elish",QAAAB
60,Orion,オリオン,Artemis  ( アルテミス ? ),Archer,5.0,Male,D,C,B,A,A+,A+,16,1716,11107.0,12158.0,2134,14553.0,15943.0,"Canna Nobutoshi, Sawashiro Miyuki",I-IV,Sky,Semi Reverse S,153,8%,1%,3%,27%,Chaotic・Neutral,"Greek Mythology Males, Humanoid, Male, Servant, Weak to Enuma Elish",QQAAB
61,Elizabeth Báthory (Halloween),エリザベート・バートリー〔ハロウィン〕,"Hallo-Eli, Elisabeth Báthory (Halloween)",Caster,4.0,Female,D,D,D,B,C,D,12,1436,8616.0,10432.0,1824,11404.0,13827.0,Ookubo Rumi,Wada Arco,Man,Semi Reverse S,49,10.8%,1.6%,3%,42%,Chaotic・Evil,"Dragon, Female, Humanoid, Servant, Weak to Enuma Elish",QAAAB
62,Tamamo no Mae,玉藻の前,"Fox Priestess of Peerless Beauty  ( 絶世の美女巫女狐,  Zessei no Bijo Miko-Gitsune ? ),  Cas-ko  ( キャス 狐 こ ? ), Mizukume",Caster,5.0,Female,E,E,B,A,D,B,16,1629,10546.0,11544.0,2091,14259.0,15621.0,Saito Chiwa,Wada Arco,Sky,Linear,49,11%,0.32%,3%,36%,Neutral・Evil,"Demonic Beast Servant, Divine, Female, Humanoid, Servant, Weak to Enuma Elish",QAAAB
63,David,ダビデ,,Archer,3.0,Male,C,D,B,C,A,B,7,1436,7736.0,10470.0,1555,8643.0,11719.0,Nakamura Yuuichi,Ginka,Sky,Semi Reverse S,153,8%,0.76%,3%,36%,Lawful・Neutral,"Humanoid, King, Male, Servant, Weak to Enuma Elish",QAAAB
64,Hector,ヘクトール,"Hektor, Hector of the Gleaming Helmet",Lancer,3.0,Male,B,B,A,B,B,B,7,1334,6928.0,9376.0,1726,10200.0,13829.0,Yasui Kunihiko,BLACK,Man,Linear,90,12.2%,1.08%,4%,28%,Lawful・Neutral,"Greek Mythology Males, Humanoid, Male, Riding, Servant, Weak to Enuma Elish",QQABB
65,Francis Drake,フランシス・ドレイク,"Voyager of the Storm  ( 嵐の航海者,  Arashi no Kōkai-sha ? ) El Draque, King of Storms, King of Ghosts",Rider,5.0,Female,D,C,B,E,EX,A+,16,1750,11326.0,12398.0,1881,12830.0,14056.0,Takano Urara,Wada Arco,Star,Reverse S,208,9%,0.42%,3%,50%,Chaotic・Evil,"Female, Humanoid, Riding, Servant",QAABB
66,Anne Bonny & Mary Read,アン・ボニー＆メアリー・リード,,Rider,4.0,Female,C,C,A,E,B,C,12,1504,9029.0,10932.0,1805,11286.0,13684.0,"Nonaka Ai, Kawasumi Ayako",I-IV,Man,Semi S,200,9.1%,0.84%,3%,50%,Chaotic・Evil,"Female, Humanoid, Servant, Weak to Enuma Elish",QQAAB
67,Medea (Lily),メディア〔リリィ〕,,Caster,4.0,Female,E,E,D,A,A,C,12,1294,7766.0,9403.0,2091,13070.0,15847.0,Nonaka Ai,Koyama Hirokazu,Earth,Reverse S,51,10.7%,0.4%,3%,36%,Lawful・Good,"Argo-Related, Female, Humanoid, Servant, Weak to Enuma Elish",QAAAB
68,Okita Sōji,沖田総司,"Okita Souji, Sakura Saber",Saber,5.0,Female,C,E,A+,E,D,C,16,1865,12068.0,13210.0,1939,13225.0,14489.0,Yūki Aoi,Takeuchi Takashi,Man,Reverse S,98,10.2%,1.09%,3%,35%,True Neutral,"Costume-Owning, Female, Humanoid, Riding, Saberface, Servant, Weak to Enuma Elish",QQABB
69,Oda Nobunaga,織田信長,"Demon King of the Sixth Heaven  ( 第六天魔王,  Dairoku Ten-Maō ? ) Demon Archer, Big Fool of Owari, Nobu",Archer,4.0,Female,C,B,C,B,B,-,12,1582,9494.0,11495.0,1862,11637.0,14110.0,Kugimiya Rie,pako,Man,Linear,150,7.9%,0.43%,3%,31.5%,Lawful・Neutral,"Female, Humanoid, King, Nobunaga, Servant, Weak to Enuma Elish",QAABB
70,Scáthach,スカサハ,"Queen of the Land of Shadows  ( 影の国の女王,  Kage no Kuni no Joō ? ) Witch of Dún Scáith, Lord of Spirits, Shishou",Lancer,5.0,Female,B,A,A,C,D,A+,16,1758,11375.0,12452.0,2174,14825.0,16241.0,Noto Mamiko,Koyama Hirokazu,Star,Linear,88,12.2%,0.71%,4%,32%,Neutral・Good,"Costume-Owning, Female, Humanoid, King, Servant, Weak to Enuma Elish",QQABB
71,Diarmuid Ua Duibhne,ディルムッド・オディナ,"Beautiful Young Warrior  ( 麗しの若武者,  Uruwashi no Wakamusha ? ) Diarmuid O'Dyna, Diarmuid of the Love Spot",Lancer,3.0,Male,B,C,A+,D,E,B,7,1277,6877.0,9307.0,1817,10098.0,13691.0,Midorikawa Hikaru,Mata,Earth,Reverse S,87,12.3%,0.79%,4%,36%,Lawful・Neutral,"Brynhildr's Beloved, Humanoid, Male, Servant, Weak to Enuma Elish",QQAAB
72,Fergus mac Róich,フェルグス・マック・ロイ,,Saber,3.0,Male,A,A,B,E,C,A+,7,1385,7460.0,10096.0,1761,9786.0,13268.0,Kuroda Takaya,B-suke,Earth,Semi Reverse S,99,10%,1.09%,3%,35%,Lawful・Neutral,"Brynhildr's Beloved, Humanoid, King, Male, Riding, Servant, Weak to Enuma Elish",QABBB
73,Artoria Pendragon (Santa Alter),アルトリア・ペンドラゴン〔サンタオルタ〕,,Rider,4.0,Female,A,C,D,B,A,A++,12,1543,9258.0,11209.0,1805,11286.0,13684.0,Kawasumi Ayako,Takeuchi Takashi,Man,Semi S,204,8.9%,0.87%,3%,35%,Lawful・Good,"Arthur, Dragon, Female, Humanoid, King, Riding, Saberface, Servant, Weak to Enuma Elish",QAABB
74,Nursery Rhyme,ナーサリー・ライム,Alice,Caster,4.0,Female,E,E,C,A,B,C++,12,1438,8629.0,10448.0,1901,11882.0,14407.0,Nonaka Ai,Wada Arco,Man,Linear,50,10.8%,0.54%,3%,36%,True Neutral,"Children Servants (Stage 2-3) , Female, Humanoid, Servant, Weak to Enuma Elish",QAAAB
75,Jack the Ripper,ジャック・ザ・リッパー,"Innocent Murderer  ( 無垢なる殺人鬼,  Mukunaru Satsujinki ? ) 切り裂きジャック, Assassin of Black, Legendary Serial Killer",Assassin,5.0,Female,C,C,A,C,E,C,16,1786,11557.0,12651.0,1862,12696.0,13909.0,Tange Sakura,Konoe Ototsugu,Earth,Semi Reverse S,97,25.5%,1.07%,4%,44%,Chaotic・Evil,"Children Servants, Female, Humanoid, Servant, Weak to Enuma Elish",QQQAB
76,Mordred,モードレッド,"Knight of Treachery  ( 叛逆の騎士,  Hangyaku no Kishi ? ) Saber of Red, The Knight of Londinium",Saber,5.0,Female,B+,A,B,B,D,A,16,1811,11723.0,12833.0,2153,14680.0,16083.0,Sawashiro Miyuki,Konoe Ototsugu,Earth,Semi Reverse S,98,10%,0.56%,3%,24.5%,Chaotic・Neutral,"Costume-Owning, Dragon, Humanoid, Riding, Saberface, Servant, Weak to Enuma Elish",QAABB
77,Nikola Tesla,ニコラ・テスラ,"Dr. Raiden  ( 雷電博士,  Raiden Hakase ? ) The Modern Prometheus, Godlike Genius",Archer,5.0,Male,D,C,C,B,D,EX,16,1820,11781.0,12896.0,2027,13825.0,15146.0,Inada Tetsu,Namaniku ATK (Nitroplus),Star,Reverse S,147,7.9%,0.87%,3%,31.5%,Chaotic・Good,"Brynhildr's Beloved, Humanoid, Male, Servant",QAABB
78,Artoria Pendragon (Lancer Alter),アルトリア・ペンドラゴン〔オルタ〕,"Artoria Lancer, King of Storms",Lancer,4.0,Female,A,A+,C,A+,D,A++,12,1661,9968.0,12069.0,1881,11761.0,14260.0,Kawasumi Ayako,Ishida Akira,Sky,Semi S,88,11.8%,0.74%,4%,23%,Lawful・Good,"Arthur, Dragon, Female, King, Humanoid, Riding, Saberface, Servant, Weak to Enuma Elish",QQABB
79,Paracelsus von Hohenheim,ヴァン・ホーエンハイム・パラケルスス,,Caster,3.0,Male,D,E,C,A,B,A+,7,1246,6711.0,9082.0,1711,9506.0,12889.0,Miki Shinichirou,Nakahara,Man,Linear,50,10.8%,0.55%,3%,36%,Chaotic・Good,"Brynhildr's Beloved, Humanoid, Male, Servant, Weak to Enuma Elish",QAAAB
80,Charles Babbage,チャールズ・バベッジ,"Dream of Steam  ( 蒸気の夢,  Jōki no Yume ? ) 
 King of Steam  ( 蒸気王,  Jōki-Ō ? ), Father of the Computer",Caster,3.0,Male,B++,B++,D++,A,E,A+,7,1113,5996.0,8115.0,1959,10887.0,14761.0,Inada Tetsu,I-IV,Man,S,48,10.8%,0.91%,3%,36%,Chaotic・Neutral,"Humanoid, Male, Mechanical, Servant, Weak to Enuma Elish",QAABB
81,Henry Jekyll,ヘンリー・ジキル＆ハイド,"Double Entities  ( 二重存在者,  Nijū Sonzai-sha ? ) Dr. Jekyll and Mr. Hyde, Edward Hyde",Assassin,3.0,Male,C+,E,A+,E,C,C,7,1173,6320.0,8553.0,1741,9675.0,13118.0,Miyano Mamoru,Nakahara,Earth,Linear,99,25.6%,1.05%,4%,55%,Lawful-Good,"Brynhildr's Beloved (Jekyll), Humanoid, Male, Servant, Weak to Enuma Elish",QQABB
81,Hyde,ヘンリー・ジキル＆ハイド,"Double Entities  ( 二重存在者,  Nijū Sonzai-sha ? ) Dr. Jekyll and Mr. Hyde, Edward Hyde",Berserker,3.0,Male,C+,E,A+,E,C,C,7,1173,6320.0,8553.0,1741,9675.0,13118.0,Miyano Mamoru,Nakahara,Earth,Linear,9,5%,1.02%,5%,58.5%,Chaotic-Evil,"Brynhildr's Beloved (Jekyll), Humanoid, Male, Servant, Weak to Enuma Elish",QQABB
82,Frankenstein,フランケンシュタイン,"Innocent Bride  ( 無垢なる花嫁,  Mukunaru Hanayome ? ) Berserker of Black, Fran, Frankenstein's Monster",Berserker,4.0,Female,C,B,D,D,B,C,12,1573,9441.0,11431.0,1710,10687.0,12958.0,Nonaka Ai,Okazaki Takeshi,Earth,Semi Reverse S,10,4.9%,0.83%,5%,58.5%,Chaotic・Neutral,"Female, Humanoid, Mechanical, Servant, Weak to Enuma Elish",QABBB
83,Solomon,ソロモン,"Grand Caster, King of Magic,  Solomon- Goetia ,  The Four Devoting Pillars",Caster,5.0,Male,E,E,B,A++,A++,A++,16,1645,10650.0,11658.0,2091,14259.0,15621.0,Sugita Tomokazu,Takeuchi Takashi,Sky,Linear,51,11%,1.64%,3%,33%,Lawful ・ Good,"Humanoid, King, Male, Super Large (London Demon Pillar), Weak to Enuma Elish",QAAAB
84,Arjuna,アルジュナ,"The Endowed Hero  ( 授かりの英雄,  Sazukari no Eiyū ? )",Archer,5.0,Male,A,B,B,B,A++,EX,16,1907,12342.0,13510.0,1940,13230.0,14494.0,Shimazaki Nobunaga,pako,Sky,Semi Reverse S,154,8%,0.51%,3%,31.5%,Lawful・Neutral,"Costume-Owning, Divine, Humanoid, Male, Servant, Weak to Enuma Elish",QAAAB
85,Karna,カルナ,"Hero of Charity  ( 施しの英雄,  Hodokoshi no Eiyū ? ) Lancer of Red, Son of the Sun God, Launcher",Lancer,5.0,Male,B,C,A,B,D,EX,16,1850,11976.0,13110.0,1999,13632.0,14934.0,Yusa Kouji,pako,Sky,Reverse S,88,12.2%,0.72%,4%,28%,Lawful・Good,"Brynhildr's Beloved, Costume-Owning, Divine, Humanoid, Male, Riding, Servant, Weak to Enuma Elish",QQABB
86,Mysterious Heroine X,謎のヒロインX,"MHX, A-X, Mysterious Racer X (Summer Event)",Assassin,5.0,Female,B,C,A+,B,D,A++,16,1817,11761.0,12874.0,1862,12696.0,13909.0,Kawasumi Ayako,BUNBUN,Star,Linear,98,25.6%,0.81%,4%,38.5%,Chaotic・Good,"Arthur, Costume-Owning, Dragon, Female, Humanoid, King, Riding, Saberface, Servant",QQAAB
87,Fionn mac Cumhaill,フィン・マックール,"Finn MacCool, Finn MacCoul",Lancer,4.0,Male,B+,B,A+,C,C,B+,12,1488,8930.0,10812.0,2040,12750.0,15459.0,Miki Shinichirou,Moriyama Daisuke,Sky,Reverse S,89,12.3%,0.55%,4%,32%,True Neutral,"Divine, Humanoid, Male, Servant, Weak to Enuma Elish",QQAAB
88,Brynhildr,ブリュンヒルデ,"Brynhild (Brünnhilde), Sigrdrífa",Lancer,5.0,Female,B+,A,A,C,E,A,16,1766,11432.0,12514.0,2174,14825.0,16241.0,Noto Mamiko,Miwa Shirō,Sky,Semi Reverse S,87,12.2%,1.07%,4%,32%,Neutral・Good,"Divine, Female, Humanoid, Riding, Servant, Weak to Enuma Elish",QQABB
89,Beowulf,ベオウルフ,King of Savagery,Berserker,4.0,Male,A,A,C,D,A,A+,12,1707,10247.0,12407.0,1652,10327.0,12521.0,Nakai Kazuya,Simosi,Earth,Linear,10,4.9%,0.68%,5%,58.5%,Chaotic・Good,"Brynhildr's Beloved, Humanoid, King, Male, Servant, Weak to Enuma Elish",QABBB
90,Nero Claudius (Bride),ネロ・クラウディウス 〔ブライド〕,Saber Bride,Saber,5.0,Female,B,C,A,E,A,B+,16,1793,11607.0,12706.0,2089,14248.0,15609.0,Tange Sakura,Wada Arco,Man,Semi S,102,10.1%,0.7%,3%,35%,Chaotic・Bride,"Female, Humanoid, King, Riding, Roman, Saberface, Servant, Weak to Enuma Elish",QAABB
91,Ryōgi Shiki (Saber),両儀式,"「Ryōgi Shiki」, Void Shiki, Saber Shiki",Saber,5.0,Female,E,A,C,B,A,B+,16,1656,10721.0,11736.0,2266,15453.0,16929.0,Sakamoto Maaya,Takeuchi Takashi,Man,S,102,9.9%,0.84%,3%,24.5%,True Neutral,"Costume-Owning, Female, Humanoid, Pseudo-Servant, Servant",QAABB
92,Ryōgi Shiki (Assassin),両儀式,Ryougi Shiki,Assassin,4.0,Female,E,D,A+,C,A+,EX,12,1477,8867.0,10736.0,1768,11055.0,13404.0,Sakamoto Maaya,Takeuchi Takashi,Man,Linear,102,25.6%,0.8%,4%,44%,Chaotic ・ Good,"Female, Humanoid, Living Human, Pseudo-Servant, Servant",QQAAB
93,Amakusa Shirō,天草四郎,"The One who Sought for an Endless Dream  ( 終わりのない夢を追う者,  Owari no Nai Yume wo Ou-mono ? ), Amakusa Shirou, Amakusa Shirō Tokisada  ( 天草四郎時貞 ? ),  Shirō Kotomine  ( シロウ・コトミネ ? )",Ruler,5.0,Male,C,C,B,A,B,D,16,1695,10972.0,12011.0,2069,14107.0,15455.0,Uchiyama Kōki,Konoe Ototsugu,Man,Reverse S,100,10%,0.86%,3%,21%,Lawful・Good,"Costume-Owning, Humanoid, Male, Servant, Weak to Enuma Elish",QAABB
94,Astolfo,アストルフォ,"Knight of Evaporated Sanity  ( 理性蒸発の騎士,  Risei Jōhatsu no Kishi ? ) Rider of Black, Sailor Paladin",Rider,4.0,Unknown,D,D,B,C,A+,C,12,1489,8937.0,10821.0,1787,11172.0,13546.0,Ookubo Rumi,Konoe Ototsugu,Earth,Semi Reverse S,205,9%,0.66%,1%,40%,Chaotic・Good,"Costume-Owning, Feminine Looking, Humanoid, Riding, Servant, Weak to Enuma Elish",QQQAB
95,Kid Gil,子ギル,"Ko-Gil, Young Gil, Child Gil, Gil-kun, Gilgamesh (Child)",Archer,3.0,Male,C,C,C,C,A,EX,7,1429,7696.0,10415.0,1571,8731.0,11838.0,Endou Aya,Sky Sphere,Sky,Reverse S,153,7.9%,0.62%,3%,36%,Chaotic・Good,"Children Servants, Divine, Humanoid, King, Male, Servant, Weak to Enuma Elish",QAABB
96,Edmond Dantès,巌窟王 エドモン・ダンテス,"The Count of Monte Cristo  ( モンテ・クリスト伯爵 ? ),  The King of the Cavern  ( 巌窟王,  Gankutsuō ? )",Avenger,5.0,Male,B,A+,C,B,?,A,16,1953,12641.0,13838.0,1785,12177.0,13340.0,Shimazaki Nobunaga,Komatsuzaki Rui,Man,S,30,5.9%,0.62%,5%,7%,Chaotic・Evil,"Costume-Owning, Humanoid, Male, Servant, Weak to Enuma Elish",QQABB
97,Nightingale,ナイチンゲール,"Angel of Crimea  ( クリミアの天使,  Kurimia no Tenshi ? ) Florence Nightingale (フローレンス・ナイチンゲール), Mercédès, The White Cloth of Steel, The Lady with the Lamp",Berserker,5.0,Female,B+,A+,B+,D+,A+,D,16,1573,10184.0,11148.0,2232,15221.0,16675.0,Sawashiro Miyuki,Takahashi Keitarō,Man,Semi S,10,5%,"0.77%,   0.5%",5%,56.8%,Lawful・Good,"Female, Humanoid, Servant, Weak to Enuma Elish",QAABB
98,Cú Chulainn (Alter),クー・フーリン〔オルタ〕,"Cú Alter, Mad King Cú Chulainn",Berserker,5.0,Male,A,B+,A+,C,D,A,16,1979,12805.0,14017.0,1790,12210.0,13377.0,Canna Nobutoshi,Shimadoriru,Earth,Reverse S,9,5.1%,0.69%,5%,52%,Chaotic・Evil,"Brynhildr's Beloved, Divine, Humanoid, Male, Servant, Weak to Enuma Elish",QABBB
99,Medb,女王メイヴ,"Queen of Connacht  ( コノートの女王,  Konōto no Joō ? ) Queen Medb, Eternal Lady",Rider,5.0,Female,E,E,B,C,EX,A+,16,1591,10296.0,11270.0,2048,13968.0,15303.0,Sakura Ayane,Takayama Kisai,Earth,Linear,208,9%,0.86%,3%,40%,Chaotic・Evil,"Costume-Owning, Female, Humanoid, King, Riding, Servant, Weak to Enuma Elish",QAABB
100,Helena Blavatsky,エレナ・ブラヴァツキー,"Elena Blavatsky, Madame Blavatsky, Еле́на Петро́вна Блава́тская, Yelena Petrovna Blavatskaya",Caster,4.0,Female,E,E,D,A,A,A,12,1438,8629.0,10448.0,1901,11882.0,14407.0,Kanemoto Hisako,MatsuRyuu,Man,Linear,51,10.7%,0.45%,3%,36%,Chaotic・Good,"Costume-Owning, Female, Humanoid, Servant, Weak to Enuma Elish",QAAAB
101,Rama,ラーマ,,Saber,4.0,Male,A,B,A+,B,B,A,12,1642,9854.0,11931.0,1901,11882.0,14541.0,Sawashiro Miyuki,Rin Kususaga,Sky,Semi Reverse S,100,10.2%,0.84%,3%,24.5%,Lawful・Good,"Brynhildr's Beloved, Divine, Humanoid, King, Male, Riding, Servant, Weak to Enuma Elish",QAABB
102,Li Shuwen (Lancer),神槍 李書文,"No Second Strike  ( 二の打ち要らず,  Ni no Uchi Irazu ? ) Legendary Spearman, God Spear Li (神槍李)",Lancer,4.0,Male,B,C,A,E,E,-,12,1608,9653.0,11688.0,1817,11360.0,13774.0,Yasui Kunihiko,Wada Arco,Man,S,87,12.2%,0.52%,4%,40%,Neutral・Evil,"Humanoid, Male, Servant, Weak to Enuma Elish",QQAAB
103,Thomas Edison,トーマス・エジソン,"The Wizard of Menlo Park  ( メンロパークの魔術師,  Menropāku no Majutsu-shi ? ) Thomas Alva Edison, King of Inventors",Caster,4.0,Male,E,EX,E,EX,A,EX,12,1325,7952.0,9628.0,1901,11882.0,14407.0,Terashima Takuma,pako,Man,Semi Reverse S,51,10.6%,0.51%,3%,60%,Lawful・Neutral,"Humanoid, Male, Servant, Weak to Enuma Elish",QAAAB
104,Geronimo,ジェロニモ,"Goyaałé, Jeronimo",Caster,3.0,Male,C,D,B,B+,C,B,7,1273,6857.0,9280.0,1642,9123.0,12369.0,Egawa Hisao,Sakamoto Mineji,Man,Linear,49,11%,0.9%,3%,40.5%,Neutral・Good,"Brynhildr's Beloved, Humanoid, Male, Servant, Weak to Enuma Elish",QAABB
105,Billy the Kid,ビリー・ザ・キッド,Juvenile Rascal King  ( 少年悪漢王 ? ),Archer,3.0,Male,D,E,B,E,B,C,7,1279,6890.0,9325.0,1711,9506.0,12889.0,Takano Urara,Shimaudon,Man,Linear,150,8%,0.56%,3%,45%,Chaotic ・ Neutral,"Humanoid, Male, Riding, Servant, Weak to Enuma Elish",QQAAB
106,Jeanne d'Arc (Alter),ジャンヌ・ダルク〔オルタ〕,"Dragon Witch  (竜の魔女  Ryū no Majo ), Jalter, Witch of Vengeance, 邪ンヌ",Avenger,5.0,Female,A,C,A,A+,E,A+,16,2046,13244.0,14498.0,1724,11761.0,12885.0,Sakamoto Maaya,Takeuchi Takashi,Man,S,29,6%,0.83%,5%,5.7%,Chaotic・Evil,"Costume-Owning, Female, Humanoid, Saberface, Servant, Weak to Enuma Elish",QAABB
107,Angra Mainyu,アンリマユ,"Avenger, All the World's Evil, King of Daemons, Aŋra Mainiiu",Avenger,2.0,Male,E,E,A,D,E+,C,4,1008,5683.0,8235.0,1502,7981.0,11518.0,Terashima Takuma,Nekotawawa,Man,Linear,29,6%,0.79%,5%,9%,Chaotic・Evil,"Humanoid, Male, Servant, Weak to Enuma Elish",QQAAB
108,Iskandar,イスカンダル,"The King of Conquerors of the Distant Lands  ( 遥かなる征服王,  Harukanaru Seifuku-ō ? )   Alexander  the Great, King of Conquerors",Rider,5.0,Male,B,A,D,C,A+,A++,16,1786,11560.0,12654.0,1938,13219.0,14482.0,Ootsuka Akio,Takeuchi Takashi,Man,Reverse S,205,8.8%,0.66%  /  0.86%,3%,40%,Neutral・Good,"Brynhildr's Beloved, Divine, Greek Mythology Males, Humanoid, King, Male, Riding, Servant, Weak to Enuma Elish",QAABB
109,EMIYA (Assassin),エミヤ〔アサシン〕,"Emiya Kiritsugu  ( 衛宮切嗣,  Emiya Kiritsugu ? ), Magus Killer",Assassin,4.0,Male,D,C,A+,C,E,B++,12,1493,8958.0,10846.0,1786,11168.0,13541.0,"Koyama Rikiya, Ohara Sayaka",AKIRA,Man,Semi Reverse S,97,25.6%,"0.46%,   0.28%",4%,44%,Chaotic・Evil,"Brynhildr's Beloved, Humanoid, Male, Servant, Weak to Enuma Elish",QQAAB
110,Hassan of the Hundred Faces,百貌のハサン,"Leader of Hashasheen  ( 暗殺教団教主,  Ansatsu Kyōdan Kyōshu ? ) Asa-ko  ( アサ子 ? ), Hundred-Faced Hassan, Hassan of the Hundred Personas",Assassin,3.0,Female,C,D,A,C,E,B,7,1241,6686.0,9049.0,1675,9310.0,12623.0,Abe Akina,Task Ohna,Man,Semi S,97,25.5%,"0.48%,   0.38%",4%,44%,Lawful・Evil,"Female, Humanoid, Servant, Weak to Enuma Elish",QQAAB
111,Irisviel (Dress of Heaven),アイリスフィール〔天の衣〕,"Irisviel von Einzbern, Iri, White Holy Grail, Irisviel (Holy Grail)",Caster,4.0,Female,E,E,C,A+,B,B,12,1372,8237.0,9973.0,1996,12476.0,15127.0,Ohara Sayaka,Shimaudon,Sky,Semi Reverse S,50,10.8%,0.42%,3%,34.5%,Chaotic・Good,"Divine, Female, Humanoid, Servant, Weak to Enuma Elish",QAAAB
112,Shuten Dōji,酒呑童子,"Shuten-Douji,  Ibuki Dōji ,  Saṃghāta Hell Berserker  ( バーサーカー・衆合地獄 ? )",Assassin,5.0,Female,A,B,B,A+,D,B,16,1853,11993.0,13128.0,1881,12825.0,14050.0,Yūki Aoi,Honjou Raita,Earth,Semi Reverse S,98,25%,0.55%,4%,31.6%,Chaotic・Evil,"Costume-Owning, Demonic, Divine, Dragon, Female, Humanoid, Oni, Servant, Shuten Dōji, Weak to Enuma Elish",QQAAB
113,Xuanzang Sanzang,玄奘三蔵,"The Bonze of Tang Dynasty  ( 唐代の法師,  Tō-dai no Hōshi ? ) Genjou Sanzou",Caster,5.0,Female,E,D,B,A+,EX,A,16,1801,11658.0,12761.0,1901,12965.0,14204.0,Komatsu Mikako,Okazaki Takeshi,Man,S,52,11%,0.82%,3%,34.5%,Lawful・Good,"Divine, Female, Humanoid, Servant, Weak to Enuma Elish",QAAAB
114,Minamoto no Raikō,源頼光,"Minamoto no Yorimitsu, Minamoto no Raikou,  Ushi Gozen ,  Kālasūtra Hell Rider  ( ライダー・黒縄地獄 ? )",Berserker,5.0,Female,A,B,D,A,C,A+,16,1786,11556.0,12650.0,1980,13500.0,14790.0,Tomatsu Haruka,Honjou Raita,Sky,Semi S,9,4.9%,0.46%,5%,39%,Chaotic・Good,"Divine, Female, Genji, Humanoid, Riding, Servant, Weak to Enuma Elish",QAABB
115,Sakata Kintoki (Rider),坂田金時,Kintarō  ( 金太郎 ? ),Rider,4.0,Male,A+,B,B+,C,C,B,12,1636,9819.0,11889.0,1728,10800.0,13095.0,Yusa Kōji,Honjou Raita,Earth,Reverse S,198,9%,1.15%,3%,40%,Lawful・Good,"Brynhildr's Beloved, Divine, Genji, Humanoid, Male, Servant, Weak to Enuma Elish",QQABB
116,Ibaraki Dōji,茨木童子,"Ibaraki-Douji, Banana Oni",Berserker,4.0,Female,B,A+,C,C,B,C,12,1606,9636.0,11667.0,1752,10954.0,13282.0,Touyama Nao,Hidari,Earth,Semi S,10,4.9%,1.03%,5%,52%,Chaotic・Evil,"Children Servants, Demonic, Female, Humanoid, Oni, Servant, Weak to Enuma Elish",QABBB
117,Fūma Kotarō,風魔小太郎,"Fuuma Kotarou, Fuuma ""Evil-Wind"" Kotarou",Assassin,3.0,Male,C+,D,A+,B,B,C,7,1316,7091.0,9597.0,1592,8844.0,11991.0,Hanae Natsuki,Sasaki Shonen,Man,Reverse S,100,25.6%,0.54%,4%,38.5%,Chaotic・Evil,"Costume-Owning, Humanoid, Male, Servant, Weak to Enuma Elish",QQQAB
118,Ozymandias,オジマンディアス,"King of Gods Pharaoh  ( 神王,  Shin-Ō ? ) Ramesses II, King of Kings, Meryamen, Sun King, God-king",Rider,5.0,Male,C,C,B,A,A+,EX,16,1850,11971.0,13104.0,1881,12830.0,14056.0,Koyasu Takehito,Nakahara,Sky,Linear,205,9%,0.59%,3%,30%,Chaotic・Neutral,"Brynhildr's Beloved, Divine, Humanoid, King, Male, Riding, Servant, Weak to Enuma Elish",QAABB
119,Artoria Pendragon (Lancer),アルトリア・ペンドラゴン,"Lion King  ( 獅子王,  Shishi-Ō ? ) King Arthur, King of Knights, Goddess of Rhongomyniad",Lancer,5.0,Female,B,A,A,A,C,A++,16,1699,10995.0,12036.0,2288,15606.0,17097.0,Kawasumi Ayako,Ishida Akira,Sky,Linear,89,12.2%,1.1%,4%,24%,Lawful・Good,"Arthur, Dragon, Female, King, Humanoid, Riding, Saberface, Servant, Weak to Enuma Elish",QQABB
120,Nitocris,ニトクリス,"Avatar of the Sky  ( 天空の化身,  Tenkū no Keshin ? ) Nitocret, Neithikerty",Caster,4.0,Female,E,E,C,A,B+,B+,12,1510,9060.0,10970.0,1806,11288.0,13686.0,Tanaka Minami,Shimaudon,Earth,Reverse S,50,10.8%,0.54%,3%,36%,Lawful・Good,"Costume-Owning, Divine, Female, Humanoid, King, Servant, Weak to Enuma Elish",QAAAB
121,Lancelot (Saber),ランスロット,"Sir Lancelot du Lac, Lord of Joyous Gard, Knight of the Lake",Saber,4.0,Male,B,A,B,C,B+,A++,12,1658,9949.0,12046.0,1854,11589.0,14051.0,Okiayu Ryoutarou,Shimadoriru,Earth,S,100,10%,0.83%,3%,28%,Lawful・Good,"Brynhildr's Beloved, Humanoid, Male, Riding, Servant, Weak to Enuma Elish",QAABB
122,Tristan,トリスタン,"Drustanus, Trystan, Tristram, Trischin, Child of Sadness",Archer,4.0,Male,B,B,A,B,E,A,12,1622,9735.0,11787.0,1862,11637.0,14110.0,Uchiyama Kouki,Morii Shizuki,Earth,S,145,8.1%,0.58%,3%,31.5%,Lawful・Good,"Humanoid, Male, Servant, Weak to Enuma Elish",QQAAB
123,Gawain,ガウェイン,"Holy Sword of the Sun  ( 太陽の聖剣,  Taiyō no Seiken ? ) Knight of the Sun, White Knight of the Round Table",Saber,4.0,Male,B+,B+,B+,A,A,A+,12,1695,10173.0,12317.0,1827,11419.0,13845.0,Mizushima Takahiro,Wada Arco,Earth,Linear,102,10%,1.14%,3%,21%,Lawful・Good,"Brynhildr's Beloved, Humanoid, Male, Riding, Servant, Weak to Enuma Elish",QABBB
124,Hassan of the Serenity,静謐のハサン,Mary,Assassin,3.0,Female,D,D,A+,C,A,C,7,1232,6636.0,8981.0,1675,9310.0,12623.0,Senbongi Sayaka,Nakahara,Man,Semi Reverse S,102,25.6%,0.53%,4%,44%,Lawful・Evil,"Costume-Owning, Female, Humanoid, Servant, Weak to Enuma Elish",QQAAB
125,Tawara Tōta,俵藤太,"Fujiwara no Hidesato  ( 藤原秀郷 ? ), Tawara no Touta",Archer,3.0,Male,B,B,D,C,B,A,7,1306,7032.0,9517.0,1764,9800.0,13287.0,Suzumura Kenichi,Simosi,Man,Semi S,150,7.8%,0.57%,3%,36%,Neutral・Good,"Brynhildr's Beloved, Humanoid, Male, Servant, Weak to Enuma Elish",QAABB
126,Bedivere,ベディヴィエール,"The Silver Arm  ( 銀色の腕,  Gin'iro no Ude ? ) Lucius, The Shining Airgetlám, Wandering Knight (放浪の騎士, Hōrō no kishi)",Saber,3.0,Male,A,B,A+,C,B,A,7,1416,7627.0,10322.0,1727,9595.0,13009.0,Miyano Mamoru,Sky Sphere,Star,S,100,10.2%,1.11%,3%,28%,Lawful・Good,"Brynhildr's Beloved, Costume-Owning, Humanoid, Male, Riding, Servant, Weak to Enuma Elish",QQABB
127,Leonardo Da Vinci,レオナルド・ダ・ヴィンチ,"Universal Genius  ( 万能の天才 ? ),  Da Vinci-chan  ( ダ・ヴィンチちゃん ? ), Shopkeeper",Caster,5.0,Female,E,E,C,A+,B,EX,16,1637,10598.0,11601.0,2091,14259.0,15621.0,Sakamoto Maaya,Simosi,Star,Semi S,50,10.8%,0.54%,3%,34.5%,Chaotic・Good,"Female, Humanoid, Servant, Weak to Enuma Elish",QAAAB
128,Tamamo no Mae (Lancer),玉藻の前 ;  タマモちゃんサマー,"Summer Tamamo-chan, Tamamo Shark",Lancer,5.0,Female,B,C,A,E,A,C,16,1657,10726.0,11741.0,2221,15147.0,16594.0,Saito Chiwa,Wada Arco,Sky,Linear,91,12.2%,1.05%,4%,40%,Neutral・Summer,"Demonic Beast Servant, Divine, Female, Humanoid, Riding, Servant, Weak to Enuma Elish",QQABB
129,Artoria Pendragon (Archer),アルトリア・ペンドラゴン,"Archuria, Squirtoria",Archer,5.0,Female,C,C,B+,A+,A+,A,16,1742,11276.0,12343.0,2134,14553.0,15943.0,Kawasumi Ayako,Takeuchi Takashi,Earth,Linear,153,8%,0.59%,3%,25.8%,Lawful・Good,"Arthur, Dragon, Female, Humanoid, King, Saberface, Servant, Weak to Enuma Elish",QQAAB
130,Marie Antoinette (Caster),マリー・アントワネット,,Caster,4.0,Female,E,D,C,A,B+,A+,12,1510,9060.0,10970.0,1824,11404.0,13827.0,Taneda Risa,Ginka,Man,Reverse S,50,10.9%,0.32%,3%,36%,Lawful・Good,"Female, Humanoid, Servant, Weak to Enuma Elish",QAAAB
131,Anne Bonny & Mary Read (Archer),アン・ボニー＆メアリー・リード,,Archer,4.0,Female,D,C,A,D,A,A,12,1574,9446.0,11437.0,1843,11521.0,13969.0,"Nonaka Ai, Kawasumi Ayako",I-IV,Man,Semi S,153,8.1%,0.85%,3%,40.5%%,Chaotic・Neutral,"Female, Humanoid, Servant, Weak to Enuma Elish",QAABB
132,Mordred (Rider),モードレッド,"Miss Surfer Mor, Miss Su-Mor",Rider,4.0,Female,C+,B,A+,B,A,A,12,1535,9212.0,11154.0,1824,11400.0,13822.0,Sawashiro Miyuki,Konoe Ototsugu,Earth,Semi Reverse S,204,9.2%,0.71%,3%,35%,Chaotic・Good,"Dragon, Female, Humanoid, Saberface, Servant, Weak to Enuma Elish",QQAAB
133,Scáthach (Assassin),スカサハ,,Assassin,4.0,Female,C,C,A+,C,D,A+,12,1508,9049.0,10956.0,1786,11168.0,13541.0,Noto Mamiko,Koyama Hirokazu,Star,Linear,98,25.6%,0.71%,4%,44%,Neutral・Good,"Female, Humanoid, King, Servant, Weak to Enuma Elish",QQQAB
134,Kiyohime (Lancer),清姫〔ランサー〕,,Lancer,4.0,Female,D,D,B,E,A+,C,12,1489,8936.0,10820.0,1899,11870.0,14392.0,Taneda Risa,BLACK,Earth,Linear,92,12%,1.05%,4%,40%,Chaotic・Evil,"Children Servants, Dragon, Female, Humanoid, Servant, Weak to Enuma Elish",QQABB
135,Martha (Ruler),マルタ,Saint Martha (Ruler),Ruler,4.0,Female,B+,B,B,A,A+,A,12,1591,9546.0,11558.0,1800,11250.0,13640.0,Hayami Saori,Sakamoto Mineji,Man,Linear,102,10%,0.76%,3%,21%,Lawful・Good,"Female, Humanoid, Servant, Weak to Enuma Elish",QABBB
136,Illyasviel von Einzbern,イリヤスフィール・フォン・アインツベルン,Illya,Caster,5.0,Female,E,C,D,B,A,A+,16,1677,10857.0,11885.0,2027,13825.0,15146.0,"Kadowaki Mai, Takano Naoko",Hiroyama Hiroshi,Man,Reverse S,51,10.7%,0.32%,3%,42%,Neutral・Good,"Children Servants, Costume-Owning, Female, Humanoid, Illya, Living Human, Pseudo-Servants, Servant, Weak to Enuma Elish",QAAAB
137,Chloe von Einzbern,クロエ・フォン・アインツベルン,Kuro,Archer,4.0,Female,D,C,B,C,C,C,12,1640,9845.0,11920.0,1746,10914.0,13239.0,Saito Chiwa,Hiroyama Hiroshi,Sky,Reverse S,148,8%,0.38%,3%,36%,Chaotic・Good,"Children Servants, Female, Humanoid, Living Human, Servant, Weak to Enuma Elish",QQAAB
138,Elizabeth Báthory (Brave),エリザベート・バートリー〔ブレイブ〕,"Brave-Eliza, Elizabeth Bathory (Brave)",Saber,4.0,Female,B,C,C,C,B,C,12,1649,9899.0,11986.0,1799,11248.0,13638.0,Ookubo Rumi,Wada Arco,Earth,Reverse S,100,9.9%,0.55%,3%,28%,Chaotic・Good,"Dragon, Female, Humanoid, Servant, Weak to Enuma Elish",QAABB
139,Cleopatra,クレオパトラ,The Last Pharaoh,Assassin,5.0,Female,B,C,A,D,D,A,16,1713,11088.0,12138.0,1965,13402.0,14682.0,Kugimiya Rie,Komatsuzaki Rui,Man,Linear,98,25.5%,1.06%,4%,49.5%,Lawful・Neutral,"Divine, Female, Humanoid, King, Servant, Weak to Enuma Elish",QQABB
140,Vlad III (EXTRA),ヴラド三世〔EXTRA〕,"Vlad the Impaler, Vlad Ţepeş, Count Dracula",Lancer,4.0,Male,B,A,E,A,D,C,12,1462,8775.0,10625.0,2080,13005.0,15769.0,Egawa Hisao,Wada Arco,Man,S,88,11.6%,1.1%,4%,24%,Lawful・Good,"Humanoid, King, Male, Servant, Weak to Enuma Elish",QQABB
141,Jeanne d'Arc (Alter) (Santa Lily),ジャンヌ・ダルク・オルタ・サンタ・リリィ,Joan of Arc,Lancer,4.0,Female,C,D,A,B,A++,A+,12,1543,9261.0,11213.0,1899,11870.0,14392.0,Sakamoto Maaya,Takeuchi Takashi,Man,Reverse S,92,12.1%,0.72%,4%,28%,Chaotic・Good,"Children Servants, Female, Humanoid, Saberface, Servant, Weak to Enuma Elish",QQABB
142,Ishtar,イシュタル,"Goddess of Venus  ( 金星の女神,  Kinsei no Megami ? ) Inanna, Mistress of Heaven,  Tohsaka Rin  ( 遠坂凛,  Tōsaka Rin ? )",Archer,5.0,Female,B,B,B,EX,A,A++,16,1893,12252.0,13412.0,2048,13965.0,15299.0,Ueda Kana,Morii Shizuki,Sky,Linear,153,8%,0.45%,3%,22.5%,Lawful・Good,"Divine, Female, Humanoid, Living Human, Pseudo-Servant, Servant, Weak to Enuma Elish",QAABB
143,Enkidu,エルキドゥ,"Chains of Heaven  ( 天の鎖,  Ten no Kusari ? )",Lancer,5.0,Unknown,?,?,?,?,?,A++,16,1666,10780.0,11800.0,2244,15300.0,16762.0,Kobayashi Yū,Morii Shizuki,Sky,Reverse S,90,12%,0.53%,4%,28%,True Neutral,"Feminine Looking, Humanoid, Servant, Weak to Enuma Elish",QQQAB
144,Quetzalcoatl,ケツァル・コアトル,"Feathered Serpent, Winged Serpent, Great Firebird of the Sun, Wind of Mesoamerica, Kukulkan, Kuku, Coatl",Rider,5.0,Female,B,B,B+,EX,A+,EX,16,1854,12001.0,13137.0,1900,12960.0,14198.0,Endou Aya,Hiroe Rei,Sky,Linear,205,9%,0.9%,3%,25%,Lawful・Good,"Divine, Female, Humanoid, King, Riding, Servant, Weak to Enuma Elish",QAABB
145,Gilgamesh (Caster),ギルガメッシュ,"Sovereign of Magic Wands  ( 魔杖の支配者,  Majō no Shihai-sha ? ) Sage King",Caster,4.0,Male,C,D,C,B,A,EX,12,1410,8460.0,10243.0,1920,12005.0,14556.0,Seki Tomokazu,Ginka,Man,Semi S,51,10.9%,"0.32%,   0.16%",3%,42%,Lawful・Good,"Brynhildr's Beloved, Costume-Owning, Divine, Humanoid, King, Male, Servant, Weak to Enuma Elish",QAAAB
146,Medusa (Lancer),"メドゥーサ,  アナ","Medusa Lily, Anna, Ana",Lancer,4.0,Female,C,D,A,E,C,A+,12,1375,8253.0,9993.0,2099,13119.0,15907.0,Asakawa Yuu,BLACK,Earth,Semi Reverse S,89,12.2%,0.44%,4%,40%,Neutral・Good,"Children Servants, Divine, Female, Humanoid, Servant, Weak to Enuma Elish",QQAAB
147,Gorgon,ゴルゴーン,Medusa,Avenger,4.0,Female,A++,A++,B,B,D,A,12,1784,10706.0,12963.0,1631,10197.0,12364.0,Asakawa Yuu,Simosi,Earth,S,29,6%,0.37%,5%,7%,Chaotic・Evil,"Demonic Beast Servants, Female, Humanoid, Servant, Weak to Enuma Elish",QAABB
148,Jaguar Man,ジャガーマン,"Jaguar Warrior (NA),  Fujimura Taiga  ( 藤村大河,  Fujimura Taiga ? )",Lancer,3.0,Female,C,C,B,E,B,B,7,1304,7022.0,9503.0,1726,9593.0,13007.0,Itō Miki,Aotsuki Takao,Earth,Semi Reverse S,90,12%,1.05%,4%,40%,Chaotic・Neutral,"Beast, Divine, Female, Humanoid, Living Human, Pseudo-Servant, Servant, Weak to Enuma Elish",QQABB
149,Tiamat,ティアマト,Beast II,Beast II,5.0,Female,A+,EX,C,A++,EX,-,16,2101,13596.0,14883.0,2745,18720.0,20509.0,Yūki Aoi,Yamanaka Kotetsu,Beast,Linear,104,9.9%,0%,0%,11%,Chaotic・Evil,"Divine, Female (Femme Fatale), Super Large (Dragonoid)",QAABB
150,Merlin,マーリン,Magus of Flowers,Caster,5.0,Male,B,E,D,A,C,C,16,1629,10546.0,11544.0,2091,14259.0,15621.0,"Sakurai Takahiro, Kawasumi Ayako",Taiki,Earth,Semi S,49,10.8%,0.81%,3%,36%,Lawful・Good,"Costume-Owning, Humanoid, Male, Servant, Weak to Enuma Elish",QAAAB
151,Goetia,魔神王ゲーティア,"King of Demon Gods,  King of Humans  ( 人王ゲーティア ? ), Beast I",Beast I,5.0,Unknown,A,A,D,A+,B,A+++,16,2268,24721.0,24721.0,11400,688560.0,688560.0,Sugita Tomokazu,Yamanaka Kotetsu,Beast,Linear,0,0%,0%,0%,0%,Chaotic・Evil,King,QQABB
152,Solomon (True),ソロモン,"True Solomon, King of Magic,  Romani Archaman",Caster,5.0,Male,E,E,B,A++,A++,A+++,16,1645,10650.0,11658.0,2091,14259.0,15621.0,Suzumura Kenichi,Takeuchi Takashi,Earth,Linear,51,11%,0%,0%,33%,Lawful・Good,"Humanoid, Male, Servant, Weak to Enuma Elish",QAABB
153,Miyamoto Musashi,宮本武蔵;  新免武蔵守藤原玄信,"Flower of Tengen  ( 天元の花,  Tengen no Hana ? ), Shinmen Musashi no Kami Fujiwara no Harunobu Bennosuke (弁之助), Niten Dōraku (二天道楽), Shinmen Takezō",Saber,5.0,Female,B,B,B,E,B,B,16,1860,12037.0,13176.0,1999,13635.0,14938.0,Sakura Ayane,Koyama Hirokazu,Man,Linear,100,10%,0.87%,3%,35%,Chaotic・Good,"Female, Humanoid, Servant, Weak to Enuma Elish",QABBB
154,"""The Old Man of the Mountain""","""山の翁""","King Hassan, First Hassan, Hassan-i Sabbah",Assassin,5.0,Male,B,A,B,E,E,A,16,1831,11848.0,12969.0,1956,13338.0,14612.0,Nakata Jouji,Ryota-H,Man,S,98,25.5%,1%,4%,49.5%,Lawful・Evil,"Brynhildr's Beloved, Humanoid, Servant, Male, Weak to Enuma Elish",QABBB
155,Mysterious Heroine X (Alter),謎のヒロインＸ〔オルタ〕,"MHX Alter, MHXA, Ecchan",Berserker,5.0,Female,A,B,B,A+,C,A++,16,1717,11113.0,12165.0,2079,14175.0,15529.0,Kawasumi Ayako,BUNBUN,Star,Semi S,9,5%,1.07%,5%,37.3%,Neutral・Evil,"Arthur, Dragon, Female, Humanoid, King, Saberface, Servant",QQABB
156,James Moriarty,ジェームズ・モリアーティ,"Archer of Shinjuku  ( 新宿のアーチャー ? ), Professor Moriarty, The  Napoléon  of Crime",Archer,5.0,Male,C,D,A,B,A,C,16,1820,11781.0,12896.0,2007,13685.0,14992.0,Hashi Takaya,Honjou Raita,Man,Semi S,153,8%,0.38%,3%,31.5%,Chaotic・Evil,"Costume-Owning, Humanoid, Male, Servant, Weak to Enuma Elish",QAAAB
157,EMIYA (Alter),エミヤ〔オルタ〕,"Emiya Shirou  ( 衛宮士郎,  Emiya Shirō ? ), Detroit Emiya, Demiya, Edgemiya, Edgy Emiya",Archer,4.0,Male,C,B,D,B,E,?,12,1499,8996.0,10892.0,1960,12250.0,14853.0,Suwabe Junichi,Sasaki Shonen,Man,Linear,145,7.9%,0.43%,3%,31.5%,Chaotic・Evil,"Humanoid, Male, Servant, Weak to Enuma Elish",QQAAB
158,Hessian Lobo,ヘシアン・ロボ,"Avenger of Shinjuku  ( 新宿のアヴェンジャー ? ),  Rider of Shinjuku  ( 新宿のライダー ? ), King of Currumpaw (Wolf), Hesse",Avenger,4.0,Male,A+,B+,A+,E,D,B+,12,1771,10628.0,12868.0,1591,9949.0,12063.0,Takeuchi Ryouta,Simosi,Earth,Semi S,29,6%,0.79%,5%,10%,Chaotic・Evil,"Beast, Demonic Beast Servants, Humanoid, Male, Servant, Weak To Enuma Elish",QQAAB
159,Yan Qing,燕青,"Assassin of Shinjuku  ( 新宿のアサシン ? ), Langzi (Wanderer / Prodigal), Ensei, Shinshin-san, Doppelgänger",Assassin,4.0,Male,B,D,A+,D,B,D,12,1443,8661.0,10487.0,1862,11637.0,14110.0,Okamoto Nobuhiko,Shimaudon,Man,Semi Reverse S,100,25.6%,0.71%,4%,49.5%,Chaotic・Evil,"Brynhildr's Beloved, Humanoid, Male, Servant, Weak to Enuma Elish",QQQAB
160,Arthur Pendragon (Prototype),アーサー・ペンドラゴン〔プロトタイプ〕,"Knight, Proto Saber, King of Knights, King Arthur",Saber,5.0,Male,A,A+,B,B,B,EX,16,1926,12465.0,13645.0,2049,13975.0,15310.0,Sakurai Takahiro,Nakahara,Earth,Linear,100,10%,0.84%,3%,24.5%,Lawful・Good,"Arthur, Brynhildr's Beloved, Costume-Owning, Dragon, Humanoid, King, Male, Riding, Servant, Weak to Enuma Elish",QAABB
161,Hijikata Toshizō,土方歳三,"Hijikata Toshizou, Demon of the Battlefield; Berserker of Bakumatsu Period; Vice Captain of Shinsengumi",Berserker,5.0,Male,C,C,C,E,D,C+,16,1868,12089.0,13234.0,1764,12028.0,13178.0,Hoshino Takanori,Yogo Yūki,Man,Linear,9,4.9%,1.08%,5%,65%,Lawful・Evil,"Humanoid, Male, Servant, Weak to Enuma Elish",QQABB
162,Chacha,茶々,Yodo-dono  ( 淀殿 ? ),Berserker,4.0,Female,D,D,D,C,B,C,12,1490,8945.0,10831.0,1764,11025.0,13368.0,Asumi Kana,pako,Man,Semi Reverse S,10,4.9%,1.03%,5%,52%,Chaotic・Neutral,"Children Servants, Female, Humanoid, Servant, Weak to Enuma Elish",QABBB
163,Meltlilith,メルトリリス,"Alter Ego S, Meltryllis,  Artemis , Lotan, Sarasvati",Alter Ego,5.0,Female,E,C,A+,A,B,EX,16,1807,11692.0,12799.0,1965,13402.0,14682.0,Hayami Saori,Wada Arco,Earth,Linear,100,10.2%,0.92%,4%,30%,Lawful・Good,"Divine, Female, Humanoid, Mechanical, Riding, Servant, Weak to Enuma Elish",QQABB
164,Passionlip,パッションリップ,"Alter Ego M,  Parvati ,  Brynhildr , Durga",Alter Ego,4.0,Female,A+,A,C,B,E,C,12,1716,10299.0,12470.0,1744,10901.0,13217.0,Ogura Yui,Wada Arco,Earth,Semi Reverse S,97,9.9%,0.77%,4%,35%,Lawful・Neutral,"Divine, Female, Humanoid, Mechanical, Servant, Weak to Enuma Elish",QABBB
165,Suzuka Gozen,鈴鹿御前,"Tate Eboshi, JK Saber",Saber,4.0,Female,D,D,A,A,B,EX,12,1590,9544.0,11556.0,1880,11753.0,14250.0,Touyama Nao,Takenoko Seijin,Sky,Semi S,100,10.2%,0.57%,3%,21%,Neutral・Evil,"Divine, Female, Humanoid, Oni, Riding, Servant, Weak to Enuma Elish",QAABB
166,B B,BB,Mysterious Black Magus,Moon Cancer,4.0,Female,E,C,D,A,EX,A,12,1366,8197.0,9925.0,2182,13643.0,16542.0,Shitaya Noriko,Wada Arco,Man,Linear,52,14.7%,0.61%,3%,0.6%,Chaotic・Good,"Female, Humanoid, Mechanical, Servant, Weak to Enuma Elish",QQAAB
167,Sesshōin Kiara,殺生院キアラ,"Sessyoin Kiara, Sesshouin Kiara,  Demonic Bodhisattva , Last Prophet,  Beast III/R",Alter Ego,5.0,Female,D,A+,B+,EX,E,EX,16,1803,11668.0,12772.0,2142,14606.0,16001.0,Tanaka Rie,Wada Arco,Beast,Semi S,97,10%,0.55%,4%,25%,Chaotic・Evil,"Female, Humanoid, Servant, Weak to Enuma Elish",QAABB
168,Beast III/R,ビーストIII／R; 殺生院キアラ; 魔性菩薩; ヘブンズホール,"Heaven's Hole,  Sesshōin Kiara ,  Demonic Bodhisattva , Pleasure Deva, Rapture",Beast III,5.0,Female,C,EX,B,EX,A,EX,16,13728,,15027.0,18720,,20509.0,Tanaka Rie,Wada Arco,Beast,Semi S,102,10%,0.55%,3%,0%,Chaotic・Evil,"Demonic, Giant  (Demonic Bodhisattva) , Female, Humanoid  (Heaven's Hole) , Super Large  (Demonic Bodhisattva)",QAABB
169,Scheherazade,シェヘラザード,"Caster of Nightless City  ( 不夜城のキャスター ? ), Shahrazad (Persian)",Caster,5.0,Female,E,D,E,C,EX,EX,16,1423,9212.0,10084.0,2324,15846.0,17360.0,Inoue Kikuko,Namaniku ATK (Nitroplus),Man,Semi S,52,10.8%,0.51%,3%,48%,Lawful・Neutral,"Female, Humanoid, Servant, Weak to Enuma Elish",QAAAB
170,Wu Zetian,武則天,"Assassin of Nightless City  ( 不夜城のアサシン ? ), Fūyā-chan, Nite Brite, Bu Sokuten",Assassin,4.0,Female,D,E,A,B,A,B,12,1496,8981.0,10874.0,1750,10942.0,13267.0,Izawa Shiori,Harada Takehito,Man,Reverse S,102,25.5%,0.87%,4%,38.5%,Lawful・Evil,"Children Servants, Female, Humanoid, King, Servant, Weak to Enuma Elish",QQABB
171,Penthesilea,ペンテシレイア,"Berserker of El Dorado  ( エルドラドのバーサーカー ? ), Amazoness CEO",Berserker,4.0,Female,A+,B+,C,A,D,A,12,1750,10502.0,12716.0,1628,10175.0,12337.0,Shimamura Yuu,Shinjirō,Earth,Linear,10,4.9%,1.07%,5%,39%,Lawful・Good,"Costume-Owning, Divine, Female, Humanoid, King, Servant, Weak to Enuma Elish",QABBB
172,Christopher Columbus,クリストファー・コロンブス,"Rider of Resistance  ( レジスタンスのライダー ? ), Cristoforo Colombo, Cristóbal Colón",Rider,3.0,Male,C,B,D,E,EX,A,7,1216,6552.0,8867.0,1728,9600.0,13016.0,Ootsuka Houchuu,Moto Murabito,Man,Linear,208,8.9%,0.55%,3%,50%,Neutral・Evil,"Humanoid, Male, Riding, Servant, Weak to Enuma Elish",QAABB
173,Sherlock Holmes,シャーロック・ホームズ,"The One who Illuminates the Truth  ( 真実を照らす者,  Shinjitsu wo Terasu mono ? ), Holmes",Ruler,5.0,Male,D,C,B+,B,A++,B,16,1776,11495.0,12583.0,1960,13365.0,14642.0,Mizushima Takahiro,Yamanaka Kotetsu,Star,Linear,100,10%,0.76%,3%,24.5%,Neutral・Good,"Humanoid, Male, Servant",QQAAB
174,Paul Bunyan,ポール・バニヤン,Berserker of Learning with Manga,Berserker,1.0,Female,C,A,C,E,E,C,3,1099,6044.0,9391.0,1239,6196.0,9551.0,Omigawa Chiaki,Riyo,Earth,Semi Reverse S,9,4.9%,0.67%,5%,65%,True Neutral,"Children Servants, Costume-Owning, Female, Giant, Humanoid, Servants, Weak to Enuma Elish",QABBB
175,Nero Claudius (Caster),ネロ・クラウディウス,,Caster,5.0,Female,D,D,A,B,A,A,16,1677,10857.0,11885.0,2007,13685.0,14992.0,Tange Sakura,Wada Arco,Man,S,51,11.1%,0.40%,3%,42%,Chaotic・Summer,"Female, Humanoid, King, Riding, Roman, Saberface, Servant, Weak to Enuma Elish",QAABB
176,Frankenstein (Saber),フランケンシュタイン,,Saber,4.0,Female,C++,B,C,D,A,B,12,1558,9353.0,11325.0,1919,11993.0,14541.0,Nonaka Ai,Okazaki Takeshi,Earth,Linear,102,9.9%,0.70%,3%,31.5%,Neutral・Summer,"Female, Humanoid, Mechanical, Riding, Servant, Weak to Enuma Elish",QQABB
177,Nitocris (Assassin),ニトクリス,,Assassin,4.0,Female,E,E,B,A,A,B,12,1468,8812.0,10670.0,1843,11518.0,13965.0,Tanaka Minami,Shimaudon,Sky,Reverse S,102,25%,0.78%,3%,33%,Lawful・Good,"Divine, Female, Humanoid, King, Servant, Weak to Enuma Elish",QQAAB
178,Oda Nobunaga (Berserker),織田信長,,Berserker,4.0,Female,B,C,B,C,B,?,12,1691,10146.0,12285.0,1603,10023.0,12153.0,Kugimiya Rie,pako,Man,S,10,5.0%,0.93%,5.00%,52%,Chaotic・Summer,"Female, Humanoid, King, Nobunaga, Servant, Weak to Enuma Elish",QABBB
179,Artoria Pendragon (Rider Alter),アルトリア・ペンドラゴン〔オルタ〕,"Maid Alter, Demonic Chief Maid, King of Maids",Rider,5.0,Female,B,C,B,A,B,A,16,1665,10776.0,11796.0,2090,14256.0,15618.0,Kawasumi Ayako,Takeuchi Takashi,Man,Linear,200,9%,0.59%,3%,30%,Lawful・Evil,"Arthur, Dragon, Female, Humanoid, King, Riding, Saberface, Servant, Weak to Enuma Elish",QQAAB
180,Helena Blavatsky (Archer),エレナ・ブラヴァツキー,Elena Blavatsky,Archer,4.0,Female,E,D,B,A,A,B+,12,1574,9446.0,11437.0,1824,11404.0,13827.0,Kanemoto Hisako,MatsuRyuu,Man,Linear,153,8%,0.38%,3%,27%,Chaotic・Good,"Female, Humanoid, Servant, Weak to Enuma Elish",QQAAB
181,Minamoto no Raikō (Lancer),源頼光,"Minamoto no Yorimitsu, Minamoto no Raikou",Lancer,4.0,Female,C,B,D,A,C,A+,12,1528,9168.0,11100.0,1938,12112.0,14686.0,Tomatsu Haruka,Honjou Raita,Sky,Linear,89,11.8%,0.75%,4.00%,24%,Lawful・Good,"Divine, Female, Genji, Humanoid, Riding, Servant, Weak to Enuma Elish",QQABB
182,Ishtar (Rider),イシュタル,"Inanna, Mistress of Heaven,  Tohsaka Rin  ( 遠坂凛,  Tōsaka Rin ? )",Rider,4.0,Female,C,C,A,B,B,EX,12,1600,9603.0,11627.0,1710,10692.0,12964.0,Ueda Kana,Morii Shizuki,Sky,Reverse S,200,9%,0.68%,3%,35%,Lawful・Good,"Divine, Female, Humanoid, Living Human, Pseudo-Servant, Riding, Servant, Weak to Enuma Elish",QQAAB
183,Parvati,パールヴァティー,"Par, Pārvatī,  Matou Sakura  ( 間桐桜,  Matō Sakura ? ),  Goddess Uma  ( 烏摩妃,  Umahi ? ), Loka Mata",Lancer,4.0,Female,D,C,D,B,B,EX,12,1354,8127.0,9840.0,2120,13253.0,16069.0,Shitaya Noriko,Aotsuki Takao,Sky,Semi-S,90,11.8%,1.08%,4%,28%,Lawful・Good,"Costume-Owning, Divine, Female, Humanoid, Living Human, Pseudo-Servant, Servant, Weak to Enuma Elish",QQABB
184,Tomoe Gozen,巴御前,Archer Inferno  ( アーチャー・インフェルノ ? ),Archer,4.0,Female,C,D,C,B,A,B+,12,1657,9946.0,12043.0,1728,10804.0,13100.0,Kanemoto Hisako,Shirabi,Earth,S,153,7.9%,0.87%,3%,31.5%,True Neutral,"Demonic, Female, Genji, Humanoid, Oni, Servant, Weak to Enuma Elish",QAABB
185,Mochizuki Chiyome,望月千代女,Assassin Paraíso  ( アサシン・パライソ ? ),Assassin,4.0,Female,D,D,A,C,C,C,12,1418,8510.0,10304.0,1862,11637.0,14110.0,Sakura Ayane,Hiroyama Hiroshi,Earth,Linear,99,25.5%,0.8%,4%,44%,Chaotic・Evil,"Female, Humanoid, Servant, Weak to Enuma Elish",QQAAB
186,Hōzōin Inshun,宝蔵院胤舜,"Houzouin Inshun,  Lancer Purgatorio  ( ランサー・プルガトリオ ? )",Lancer,3.0,Male,C,D,A,D,B,C,7,1261,6791.0,9191.0,1799,9996.0,13553.0,Namikawa Daisuke,MatsuRyuu,Man,Reverse-S,90,12.2%,1.06%,4%,36%,True Neutral,"Brynhildr's Beloved, Humanoid, Male, Servant, Weak to Enuma Elish",QQQAB
187,Yagyū Munenori,柳生但馬守宗矩,"Yagyuu Munenori, Ryūtan, Yagyū Tajima-no-Kami Munenori,  Saber Empíreo",Saber,4.0,Male,B,D,A++,E,B,B,12,1666,9999.0,12107.0,1781,11135.0,13501.0,Yamaji Kazuhiro,Furumi Showichi,Man,Linear,100,10.3%,0.81%,3%,35%,Lawful・Neutral,,QAABB
188,Katō Danzō,加藤段蔵,"Katou Danzou, Katou ""Black Kite"" Danzo, Flying Katou (飛び加藤, 𝘛𝘰𝘣𝘪 𝘒𝘢𝘵ō), Kite Katou",Assassin,4.0,Female,D,D,A,C,B,C,12,1489,8935.0,10818.0,1768,11055.0,13404.0,Akesaka Satomi,Soga Makoto,Earth,Semi-Reverse S,100,25.5%,0.71%,4%,44%,True Neutral,"Female, Humanoid, Mechanical, Servant, Weak to Enuma Elish",QQABB
189,Osakabehime,刑部姫,Okki,Assassin,5.0,Female,E,E,E,A+,A+,A++,16,1672,10824.0,11849.0,2027,13822.0,15143.0,Fukuen Misato,Moriyama Daisuke,Earth,Linear,102,24.6%,0.83%,4%,31.6%,Chaotic・Neutral,"Divine, Female, Humanoid, Servant, Weak to Enuma Elish",QQAAB
190,Mecha Eli-chan,メカエリチャン,Magus Aegis Elizabeth Channel,Alter Ego,4.0,Female,A,A,E,E,E,B,12,1666,9997.0,12104.0,1744,10901.0,13217.0,Ookubo Rumi,Wada Arco,Man,Linear,97,9.7%,0.9%,4%,50%,Lawful・Good,"Female, Humanoid, Mechanical, Servant, Threat to Humanity, Weak to Enuma Elish",QABBB
191,Mecha Eli-chan Mk.II,メカエリチャンⅡ号機,"Magus Aegis Elizabeth Channel II, MK.II",Alter Ego,4.0,Female,A,A,E,E,E,B,12,1666,9997.0,12104.0,1744,10901.0,13217.0,Ookubo Rumi,Wada Arco,Man,Linear,97,9.7%,0.9%,4%,50%,Lawful・Good,"Female, Humanoid, Mechanical, Servant, Threat to Humanity, Weak to Enuma Elish",QABBB
192,Circe,キルケー,Caster of Okeanos  ( オケアノスのキャスター ? ),Caster,4.0,Female,E,B,D,A+,A,C,12,1445,8671.0,10499.0,1960,12250.0,14853.0,Akaneya Himika,Hidari,Sky,Reverse S,51,10.8%,0.39%,3%,34.5%,Chaotic・Neutral,"Argo-Related, Female, Humanoid, Servant, Weak to Enuma Elish",QAAAB
193,Nezha,哪吒,"Nata, Nataku",Lancer,4.0,Female,C+,B,A,B,A,A,12,1547,9284.0,11241.0,1938,12112.0,14686.0,Ogura Yui,Aotsuki Takao,Sky,Linear,91,12.2%,0.72%,4%,28%,Neutral・Good,,QQABB
194,Queen of Sheba,シバの女王,"Caster of Midrash  ( ミドラーシュのキャスター ? ), Bilqis, Makeda, Tituba",Caster,4.0,Female,D,C,D,A,A,B,12,1438,8629.0,10448.0,1940,12127.0,14704.0,Satou Satomi,Katou Itsuwa,Man,Semi Reverse S,51,10.8%,0.81%,3%,36%,Neutral・Good,"Female, Humanoid, King, Servant, Weak to Enuma Elish",QAABB
195,Abigail Williams,アビゲイル・ウィリアムズ,"The Key to the Gate, Sut-Typhon, Yog-Sothoth, All-in-One, One-in-All, Abby",Foreigner,5.0,Female,B,A,C,B,C,A,16,1870,12100.0,13245.0,2019,13770.0,15086.0,Ōwada Hitomi,Kuroboshi Kouhaku,Earth,Semi S,148,14.8%,0.25%,3%,7%,Chaotic・Evil,"Children Servants, Divine, Existence Outside the Domain, Female, Humanoid, Servant, Threat to Humanity",QAAAB
196,Ereshkigal,エレシュキガル,"The Goddess of the Netherworld,  Tohsaka Rin  ( 遠坂凛,  Tōsaka Rin ? )",Lancer,5.0,Female,A,B,D,B,B,A,16,1598,10343.0,11322.0,2356,16065.0,17600.0,Ueda Kana,Morii Shizuki,Earth,Semi-S,90,11.8%,0.54%,4%,28%,Chaotic・Evil,"Divine, Female, Humanoid, King, Pseudo-Servant, Servant, Weak to Enuma Elish",QQABB
197,Altera the San(ta),アルテラ・ザ・サン〔タ〕,"Attila Santa, Etzel, Santera",Archer,4.0,Female,C,B,A+,A,A,EX,12,1626,9759.0,11816.0,1862,11637.0,14110.0,Noto Mamiko,huke,Star,Linear,153,8.1%,0.59%,3%,27%,Chaotic・Good,"Divine, Female, Humanoid, King, Riding, Servant",QQAAB
198,Katsushika Hokusai,葛飾北斎,"Katsushika Oui  ( 葛飾 応為,  Katsushika Ōi ? , Daughter ); Tokitarō, Toto-sama, Extraterrestrial Octopus, Darusen,  The Old Man Mad About Art Manji  ( 画狂老人卍,  Gakyō Rōjin Manji ? , Last renamed name ), Cthulhu",Foreigner,5.0,Female,D,D,B,B,A,A,16,1870,12100.0,13245.0,1940,13230.0,14494.0,Yukana Nogami,Kuroboshi Kouhaku,Man,S,153,15%,0.33%,3%,7%,Chaotic・Neutral,"Divine, Existence Outside the Domain, Female, Humanoid, Servant, Threat to Humanity, Weak to Enuma Elish",QAABB
199,Semiramis,セミラミス,"Empress of Assyria  ( アッシリアの女帝,  Asshiria no Jotei ? ) Assassin of Red",Assassin,5.0,Female,E,D,D,A,A,B,16,1747,11309.0,12379.0,1945,13266.0,14533.0,Shindou Kei,Konoe Ototsugu,Earth,S,102,24.7%,0.39%,4%,33%,Lawful・Evil,"Divine, Female, Humanoid, King, Servant, Weak to Enuma Elish",QAAAB
200,Asagami Fujino,浅上藤乃,Fujinon,Archer,4.0,Female,E,B,D,A,C,EX,12,1716,10299.0,12470.0,1764,11025.0,13368.0,Noto Mamiko,Takeuchi Takashi,Man,Reverse S,148,7.9%,0.59%,3%,27%,Lawful・Evil,"Female, Humanoid, Living Human, Pseudo-Servants, Servant",QAABB
201,Anastasia Nikolaevna Romanova,アナスタシア・ニコラエヴナ・ロマノヴァ,"Grand Duchess of Russia,  Grand Duchess of the Beast Nation  ( 獣国の皇女 ? )",Caster,5.0,Female,E,E,C,A,D,C,16,1629,10546.0,11544.0,2091,14259.0,15621.0,Hara Yumi,sime,Man,S,49,10.8%,0.51%,3%,36%,True Neutral,"Female, Humanoid, Servant, Weak to Enuma Elish",QAAAB
202,Atalanta (Alter),アタランテ〔オルタ〕,,Berserker,4.0,Female,C++,C++,A+,B,E,B+,12,1634,9806.0,11873.0,1701,10634.0,12894.0,Hayami Saori,Konoe Ototsugu,Earth,Linear,9,5.1%,1.05%,5%,45.5%,Chaotic・Evil,"Argo-Related, Beast, Female, Humanoid, Servant, Weak to Enuma Elish",QQABB
203,Avicebron,アヴィケブロン,"Golem Master  ( ゴーレムマスター,  Gōremu Masutā ? ) Solomon ibn Gabirol, Caster of Black",Caster,3.0,Male,E,E,D,A,B,A+,7,1184,6376.0,8629.0,1796,9981.0,13533.0,Miyamoto Mitsuru,Konoe Ototsugu,Man,S,50,10.7%,0.61%,3%,36%,Lawful・Neutral,"Humanoid, Male, Servant, Weak to Enuma Elish",QAAAB
204,Antonio Salieri,アントニオ・サリエリ,"Man in Grey, Amadeus Alter",Avenger,3.0,Male,B,C,A,C,B,C,7,1509,8125.0,10996.0,1411,7840.0,10630.0,Seki Toshihiko,PFALZ,Earth,Linear,30,6.1%,0.7%,5%,8%,Chaotic・Evil,"Brynhildr's Beloved, Humanoid, Male, Servant, Weak to Enuma Elish",QAABB
205,Ivan the Terrible,イヴァン雷帝,Ivan Vasilyevich; Ivan Grozny; Thunderous Emperor; Ivan IV; Ivan the Formidable; Ivan the Fearsome; Grand Prince of Moscow,Rider,5.0,Male,B+,A+,D,C,B,A,16,1795,11619.0,12719.0,1948,13284.0,14553.0,Kuroda Takaya,danciao,Man,Reverse S,200,8.9%,0.62%,3%,40%,Lawful・Evil,"Beast, Giant, Humanoid, King, Male, Riding, Servant, Weak to Enuma Elish",QAABB
206,Achilles,アキレウス,"The Swift Hero  ( 駿足の英雄,  Shunsoku no Eiyū ? ) Rider of Red, Achilleus, Akhilles",Rider,5.0,Male,B+,A,A+,C,D,A+,16,1836,11883.0,13008.0,1938,13219.0,14482.0,Furukawa Makoto,Konoe Ototsugu,Earth,Reverse S,196,9.1%,0.57%,3%,40%,Lawful・Neutral,"Brynhildr's Beloved, Divine, Greek Mythology Males, Humanoid, Male, Riding, Servant, Weak to Enuma Elish",QQAAB
207,Chiron,ケイローン,"Great Sage of Centaurs  ( ケンタウロスの大賢者,  Kentaurosu no Dai Kenja ? ) Archer of Black, Kheiron",Archer,4.0,Male,B,B,A+,B,C,A,12,1549,9294.0,11253.0,1960,12250.0,14853.0,Takeuchi Shunsuke,Konoe Ototsugu,Sky,Reverse S,148,8.1,0.68%,3%,31.5%,Lawful・Good,"Argo-Related, Divine, Greek Mythology Males, Humanoid, Male, Servant, Weak to Enuma Elish",QQAAB
208,Sieg,ジーク,"Homunculus, Detached and Kind Dragon, Evil Dragon  Fafnir",Caster,4.0,Male,E,E,E,D,B,EX,12,1399,8394.0,10163.0,1806,11288.0,13686.0,Hanae Natsuki,Konoe Ototsugu,Man,Linear,50,10.8%,0.78%,3%,54%,Neutral・Good,"Dragon, Humanoid, Male, Servant, Weak to Enuma Elish",QAABB
209,Okita Sōji (Alter),沖田総司〔オルタ〕,"Majin Saber  ( 魔 セイバー ? ), Okita Souji (Alter), Majin・Okita Sōji (魔 ・沖田総司), Devil Okita Sōji Alternative (魔 ・沖田総司オルタナティブ)",Alter Ego,5.0,Female,B,C,A,B,C,A,16,1926,12465.0,13645.0,1862,12696.0,13909.0,Yūki Aoi,Takeuchi Takashi,Man,Semi S,99,10.2%,0.77%,4%,35%,True Neutral,"Brynhildr's Beloved, Female, Humanoid, Saberface, Servant, Weak to Enuma Elish",QQABB
210,Okada Izō,岡田以蔵,"Manslayer Izō  ( 人斬り以蔵,  Hitokiri Izō ? ), Okada Izou, Ghost of Tosa",Assassin,3.0,Male,C,D,B,E,E,C,7,1277,6879.0,9310.0,1592,8844.0,11991.0,Yoshino Hiroyuki,lack,Man,Semi-Reverse S,97,25%,0.79%,4%,55%,Neutral・Evil,"Costume-Owning, Humanoid, Male, Servant, Weak to Enuma Elish",QQAAB
211,Sakamoto Ryōma,坂本龍馬,"Hero of Restoration  ( 維新の英雄,  Ishin no Eiyū ? ), Sakamoto Ryouma",Rider,4.0,Male,C,C,B,D,A-,EX,12,1425,8555.0,10358.0,1900,11880.0,14404.0,"Kase Yasuyuki, Horie Yui",pako,Man,Linear,203,9%,0.56%,3%,45%,True Neutral,"Brynhildr's Beloved, Divine, Humanoid, Male, Riding, Servant, Weak to Enuma Elish",QAABB
212,Napoléon,ナポレオン,"Man of Possibilities  ( 可能性の男,  Kanōsei no Otoko ? ) Napoléon Bonaparte (ナポレオン・ボナパルト), Napoléon I, Emperor of the French, King of Italy,  Good Fellow of Everlasting Flame  ( 消えぬ炎の快男児 ? )",Archer,5.0,Male,D,C,A,E,B,B,16,1859,12033.0,13172.0,1920,13097.0,14348.0,Hino Satoshi,Ryota-H,Star,Linear,150,8%,0.59%,3%,45%,Neutral・Good,"Brynhildr's Beloved, Humanoid, King, Male, Servant",QAABB
213,Sigurd,シグルド,"Siegfried , King of Warriors",Saber,5.0,Male,A+,A+,B,C,E,A++,16,1926,12465.0,13645.0,2049,13975.0,15310.0,Tsuda Kenjirō,Miwa Shirō,Earth,S,97,10%,0.62%,3%,28%,Neutral・Good,"Brynhildr's Beloved, Costume-Owning, Divine, Dragon, Humanoid, Male, Riding, Servant, Weak to Enuma Elish",QAABB
214,Valkyrie,ワルキューレ,"Daughters of the Great God (大神の娘たち), ヴァルキリー,  Walküre , Ortlinde, Hildr, Thrúd (Þrúðr)",Lancer,4.0,Female,B,B,B,A+,E,B,12,1339,8037.0,9731.0,2244,14025.0,17005.0,"Tanaka Minami, Komatsu Mikako, Amamiya Sora",Takeuchi Takashi,Sky,S,87,12%,0.86%,4%,23%,Lawful・Good,"Divine, Female, Humanoid, Servant, Weak to Enuma Elish",QQABB
215,Scáthach-Skaði,スカサハ＝スカディ,"スカサハ＝スカジ, Scathach=Skadi, Scáthach (Caster), Skadi, Queen of Ice and Snow",Caster,5.0,Female,B,D,C,EX,D,A,16,1661,10753.0,11771.0,2112,14406.0,15782.0,Noto Mamiko,Koyama Hirokazu,Sky,Linear,49,10.8%,0.67%,3%,30%,Chaotic・Good,"Divine, Female, Humanoid, King, Servant, Weak to Enuma Elish",QQAAB
216,Jeanne d'Arc (Archer),ジャンヌ・ダルク,,Archer,5.0,Female,C,A,B+,C,A,A,16,1626,10525.0,11521.0,2309,15743.0,17247.0,Sakamoto Maaya,Takeuchi Takashi,Man,Linear,153,8%,0.68%,3%,36%,Lawful・Summer,"Female, Humanoid, Saberface, Servant, Weak to Enuma Elish",QAABB
217,Ibaraki Dōji (Lancer),茨木童子,"Ibaraki-Douji (Lancer), Banana Oni",Lancer,4.0,Female,B+,A,D+,D,B,B,12,1522,9133.0,11058.0,1976,12354.0,14979.0,Touyama Nao,Hidari,Earth,Semi S,90,11.7%,1.06%,4%,36%,Chaotic・Evil,"Children Servants, Demonic, Female, Humanoid, Oni, Servant, Weak to Enuma Elish",QQABB
218,Ushiwakamaru (Assassin),牛若丸,Minamoto no Yoshitsune  ( 源義経 ? ),Assassin,4.0,Female,D,C,A++,B,A,B,12,1576,9456.0,11449.0,1692,10580.0,12828.0,Hayami Saori,Sakamoto Mineji,Man,Semi Reverse S,102,25.3%,0.54%,4%,38.5%,Neutral・Summer,"Brynhildr's Beloved, Female, Genji, Humanoid, Riding, Servant, Weak to Enuma Elish",QQQAB
219,Jeanne d'Arc (Berserker Alter),ジャンヌ・ダルク〔オルタ〕,Summer Jalter,Berserker,4.0,Female,B,D,A,B,D,EX,12,1716,10298.0,12469.0,1587,9922.0,12030.0,Sakamoto Maaya,Takeuchi Takashi,Man,Linear,9,5%,0.52%,5%,45.5%,Chaotic・Summer,"Female, Humanoid, Saberface, Servant, Weak to Enuma Elish",QABBB
220,B B (Summer),BB,"BB (Pele), BB-thotep, Nyarlathotep",Moon Cancer,5.0,Female,C,C,C,A++,EX,EX,16,1728,11182.0,12240.0,2172,14812.0,16227.0,Shitaya Noriko,Wada Arco,Earth,S,52,14.8%,0.61%,3%,0.5%,Chaotic・Evil,,QAABB
221,Medb (Saber),女王メイヴ,Queen Medb (Saber),Saber,4.0,Female,C,D,B,D,EX,A+,12,1336,8017.0,9707.0,2177,13609.0,16501.0,Sakura Ayane,Takayama Kisai,Earth,Reverse S,104,10%,0.72%,3%,31.5%,Chaotic・Evil,"Female, Humanoid, King, Riding, Servant, Weak to Enuma Elish",QAABB
222,Mysterious Heroine XX,謎のヒロインＸＸ,"MHXX, Mysterious Heroine X (Foreigner)",Foreigner,4.0,Female,B,B,B,E,D,EX,12,1625,9751.0,11806.0,1800,11250.0,13640.0,Kawasumi Ayako,BUNBUN,Star,Reverse S,147,15%,0.64%,3%,10%,Lawful・Good,"Arthur, Brynhildr's Beloved, Dragon, Existence Outside the Domain, Female, Humanoid, King, Riding, Saberface, Servant",QAABB
223,Diarmuid Ua Duibhne (Saber),ディルムッド・オディナ,,Saber,4.0,Male,B+,B,A,D,E,A,12,1674,10048.0,12166.0,1818,11362.0,13776.0,Midorikawa Hikaru,Azusa,Earth,Linear,97,10.2%,0.73%,3%,31.5%,Lawful・Neutral,"Brynhildr's Beloved, Humanoid, Male, Riding, Servant, Weak to Enuma Elish",QQABB
224,Sitonai,シトナイ,"Illyasviel von Einzbern , Freyja, Louhi",Alter Ego,5.0,Female,E,D,A,EX,A,A,16,1803,11668.0,12772.0,2048,13965.0,15299.0,Kadowaki Mai,BLACK,Sky,Semi Reverse S,102,10.2%,0.83%,4%,25%,Chaotic・Good,"Children Servants, Divine, Female, Humanoid, Illya, Pseudo-Servant, Servant, Weak to Enuma Elish",QAABB
225,Shuten Dōji (Caster),酒呑童子,"Magifender Girl Oni Cure  ( 護法少女・ 鬼救阿 おにきゅあ ,  Gohō Shōjo Onikyua ? )",Caster,4.0,Female,C+,B,B,A+,B,C,12,1589,9538.0,11549.0,1764,11025.0,13368.0,Yūki Aoi,Honjou Raita,Earth,,50,11%,0.46%,3%,34.5%,Chaotic・Evil,"Demonic, Divine, Dragon, Female, Humanoid, Oni, Servant, Shuten Dōji, Weak to Enuma Elish",QAAAB
226,Xiang Yu,項羽,"Kuaiji Zero, 西楚霸王, Xī Chǔ Bà Wáng, Kō U",Berserker,5.0,Male,A,A,A,C,D,C,16,1794,11613.0,12712.0,2019,13770.0,15086.0,Kouichi Yamadera,danciao,Man,S,9,5.1%,0.51%,5%,52%,Lawful・Neutral,,QABBB
227,Lanling Wang,蘭陵王,"Prince of Lan Ling, Lan Ling Wang, Ran-ryō Ō,  Gao Changgong  ( 高长恭 ? )",Saber,4.0,Male,B,B,A+,D,D,B,12,1518,9112.0,11033.0,2020,12625.0,15308.0,Mori Nanako,hou,Man,Reverse S,98,10.2%,0.65%,3%,31.5%,Lawful・Good,"Brynhildr's Beloved, Costume-Owning, Humanoid, Male, Riding, Servant, Weak to Enuma Elish",QAABB
228,Qin Liangyu,秦良玉,Shin Ryō-Gyoku,Lancer,4.0,Female,C,B,A,D,A,B,12,1382,8295.0,10043.0,2142,13387.0,16231.0,Shitaya Noriko,Shimadoriru,Man,S,91,12.1%,0.79%,4%,36%,Lawful・Good,,QQAAB
229,Shi Huang Di,始皇帝,"First Emperor,  Qin Shi Huang  ( 秦始皇 ? ),  Ying Zheng  ( 嬴政 ? ),  Zheng, the King of Qin   ( 秦王政 ? ), the Son of Heaven, Shikoutei",Ruler,5.0,Unknown,B+,B+,B+,B+,B+,B+,16,1541,9977.0,10921.0,2321,15828.0,17340.0,Fukuyama Jun,Toh Azuma,Man,Reverse S,100,10%,0.47%,3%,23.6%,Lawful・Good,,QAABB
230,Consort Yu,虞美人,"Yu Mei-ren, Yu the Beauty,  Akuta Hinako  ( 芥ヒナコ ? ) Crimson Beauty Under the Moon  ( 紅の月下美人 ? ), Gubijin, Gucchan",Assassin,4.0,Female,C,A+,D,A+,E,C+,12,1328,7970.0,9650.0,2142,13389.0,16234.0,Ise Mariya,toi8,Earth,Reverse S,97,24.7%,0.75%,4%,31.6%,Lawful・Evil,,QQABB
231,Red Hare,赤兎馬,Sekitoba  ( セキトバ ? ),Rider,3.0,Male,B,EX,B+,C,C,B,7,1194,6434.0,8708.0,1886,10483.0,14214.0,Midorikawa Hikaru,Midorikawa Miho,Earth,Semi Reverse S,198,9%,0.57%,3%,40%,True Neutral,"Beast, Brynhildr's Beloved, Demonic Beast Servant, Humanoid, Riding, Servant, Weak to Enuma Elish",QQAAB
232,Bradamante,ブラダマンテ,"Bradamant, Paladin of the White Feather",Lancer,5.0,Female,B,A+,A,C,D,B,16,1674,10833.0,11858.0,2300,15682.0,17180.0,Morinaga Chitose,saitom,Earth,Linear,88,12.1%,0.7%,4%,32%,Lawful・Good,"Brynhildr's Beloved, Female, Humanoid, Servant, Weak to Enuma Elish",QQAAB
233,Quetzalcoatl (Samba/Santa),ケツァル・コアトル〔サンバ／サンタ〕,,Ruler,4.0,Female,A,B+,B,A,EX,A,12,1614,9687.0,11729.0,1809,11306.0,13708.0,Endou Aya,Hiroe Rei,Sky,Reverse S,104,10%,0.71%,3%,21%,Lawful・Good,"Costume-Owning, Divine, Female, Humanoid, King, Servant, Weak to Enuma Elish",QQABB
234,Beni-enma,紅閻魔;  舌斬り雀の紅閻魔,Tongue-Cut Sparrow Benienma,Saber,5.0,Female,C,E,A++,B,B,B,16,1793,11607.0,12706.0,2047,13960.0,15294.0,Kuno Misaki,Harada Takehito,Earth,S,100,10.3%,0.56%,3%,24.5%,Lawful・Good,"Children Servants, Female, Humanoid, Oni, Servant, Weak to Enuma Elish",QAABB
235,Li Shuwen,李書文,"Royal Guard Chief  ( 衛士長,  Ēshi-chō ? );  Massage Expert  ( 按摩の達人,  Anma no Tatsujin ? ), Old Li,  Security Guard  ( 警備員,  Kēbiin ? ), Captain of the Guard (NA),",Assassin,5.0,Male,C,D,A+,E,E,-,16,1772,11470.0,12556.0,1843,12568.0,13769.0,Yasui Kunihiko,Wada Arco,Man,S,97,25.3%,0.99%,4%,55%,Neutral・Evil,,QAABB
236,Miyu Edelfelt,美遊・エーデルフェルト ;  朔月美遊,"Sakatsuki Miyu  ( 朔月美遊 ? ),  Emiya Miyu  ( 衛宮美遊 ? ),  Child of God  ( 神稚児,  Kami Chigo ? )",Caster,4.0,Female,E,D,C,A,C,A,12,1438,8629.0,10448.0,1920,12005.0,14556.0,"Nazuka Kaori, Kakazu Yumi",Hiroyama Hiroshi,Man,S,49,10.9%,0.81%,3%,36%,Lawful・Good,"Children Servants, Female, Humanoid, Living Human, Pseudo-Servants, Servant, Weak to Enuma Elish",QAAAB
237,Murasaki Shikibu,紫式部,"Fujiwara no Kaoruko  ( 藤原香子 ? ), Lady Murasaki",Caster,5.0,Female,E,E,D,B,A+,C,16,1757,11374.0,12451.0,1882,12833.0,14059.0,Kayano Ai,Honjou Raita,Man,S,51,10.7%,0.45%,3%,42%,Neutral・Good,"Humanoid, Female, Servant, Weak to Enuma Elish",QQAAB
238,Kingprotea,キングプロテア,"Alter Ego G,  Tiamat",Alter Ego,5.0,Female,EX,EX,A,D,B,E,16,1983,12835.0,14050.0,1956,13338.0,14612.0,Han Megumi,Wada Arco,Earth,Reverse S,100,10.2%,0.56%,4%,45%,Lawful・Good,"Divine, Giant, Female, Humanoid, Mechanical, Servants, Super Large, Weak to Enuma Elish",QAABB
239,Kama,カーマ,"Kamadeva  ( カーマデーヴァ ? ),  Matou Sakura  ( 間桐桜,  Matō Sakura ? ),  Beast III/L",Assassin,5.0,Female,D,B+,B,A+,B,C,16,1781,11528.0,12619.0,1890,12889.0,14120.0,Shitaya Noriko,ReDrop,Sky,Semi S,100,25%,0.74%,4%,31.6%,Chaotic・Evil,"Children Servants (Stage 1) , Divine, Female, Humanoid, Pseudo-Servant, Riding, Servant, Weak to Enuma Elish",QQABB
240,Beast III/L,ビーストⅢ／L,"Kama/Mara  ( カーマ／マーラ ? ),  Kama ,  Demon Lord of Lust  ( 愛欲の魔王 ? ),  Lapse",Beast III,5.0,Female,C,EX,A,EX,B,EX,16,2080,13464.0,,2745,18720.0,,Shitaya Noriko,ReDrop,Beast,Linear,100,10.2%,0.58%,3%,0%,Chaotic・Evil,"Demonic, Divine, Female, Humanoid, King, Pseudo-Servants",QQABB
241,Sima Yi (Reines),司馬懿〔ライネス〕,"Reines El-Melloi Archisorte  ( ライネス・エルメロイ・アーチゾルテ ? ), Sima Zhongda",Rider,5.0,Female,B,C,C,A,A+,B,16,1766,11427.0,12509.0,1986,13543.0,14837.0,Minase Inori,Sakamoto Mineji,Man,Linear,205,8.9%,0.64%,3%,30%,True Neutral,"Female, Humanoid, Living Human, Pseudo-Servant, Riding, Servant, Weak to Enuma Elish",QQAAB
242,Astraea,アストライア,"Luviagelita Edelfelt  ( ルヴィアゼリッタ・エーデルフェルト ? ), Lady Justice",Ruler,4.0,Female,A+,A+,D,EX,B,A+,12,1622,9734.0,11786.0,1845,11531.0,13981.0,Itō Shizuka,Toh Azuma,Sky,Semi Reverse S,100,9.9%,0.43%,3%,17.5%,Lawful・Good,"Divine, Female, Humanoid, Living Human, Pseudo-Servant, Roman, Servants, Weak to Enuma Elish",QAABB
243,Gray,グレイ,,Assassin,4.0,Female,B,C,B,C,C,A+,12,1576,9456.0,11449.0,1692,10580.0,12828.0,"Ueda Reina, Ono Daisuke",Sakamoto Mineji,Man,S,99,25%,0.71%,4%,44%,Lawful・Good,"Female, Humanoid, Living Human, Pseudo-Servants, Saberface, Servants, Weak to Enuma Elish",QQQAB
244,Jinako Carigiri,大いなる石像神 ;  ジナコ＝カリギリ,"Ganesha  ( ガネーシャ ? ),  Great Statue God",Moon Cancer,5.0,Female,B,A++,E,B,A,C,16,1416,9166.0,10034.0,2617,17844.0,19549.0,Yūki Aoi,Wada Arco,Sky,S,51,14.5%,0.35%,3%,0.7%,Lawful・Good,"Divine, Female, Humanoid, Living Human, Pseudo-Servant, Riding, Servant, Weak to Enuma Elish",QAAAB
245,Lakshmibai,ラクシュミー・バーイー,"Rani of Jhansi,  Jeanne d'Arc  of India",Saber,4.0,Female,B,B,B,C,E-,A,12,1658,9949.0,12046.0,1818,11362.0,13776.0,Rina Satou,Takeuchi Takashi,Man,Reverse S,96,10%,1.01%,3%,28%,Lawful・Good,"Divine, Female, Humanoid, Riding, Saberface, Servant, Weak to Enuma Elish",QQABB
246,William Tell,ウィリアム・テル,"Wilhelm Tell, Guillermo Tell",Archer,3.0,Male,B,B,B,E,C,B,7,1371,7384.0,9993.0,1675,9310.0,12623.0,Hayato Fujii,Takahashi Keitarō,Man,Semi S,148,8%,0.66%,3%,45%,Lawful・Good,,QAABB
247,Arjuna (Alter),アルジュナ〔オルタ〕,"Deified Arjuna  ( 神たるアルジュナ ? ),  The Final Dark God  ( 黒き最後の神 ? )",Berserker,5.0,Male,A,A+,A,A++,C,EX,16,1803,11669.0,12773.0,2029,13837.0,15159.0,Shimazaki Nobunaga,pako,Sky,Reverse S,9,5.1%,0.98%,5%,35.7%,Lawful・Good & Evil,"Divine, Humanoid, Male, Servant, Weak to Enuma Elish",QABBB
248,Aśvatthāman,アシュヴァッターマン,"Aśvatthāmā, Ashwatthama",Archer,4.0,Male,B,A,A++,B,A,A+,12,1708,10249.0,12409.0,1799,11245.0,13634.0,Tatsuhisa Suzuki,pako,Sky,Linear,153,8.1%,0.58%,3%,31.5%,Chaotic・Neutral,"Brynhildr's Beloved, Divine, Humanoid, Male, Servant, Weak to Enuma Elish",QQABB
249,Asclepius,アスクレピオス,"God of Medicine, Hepius",Caster,3.0,Male,D,D,B,A,D,A+,7,1184,6376.0,8629.0,1815,10084.0,13672.0,Suzuki Ryouta,Teita,Earth,Linear,49,11%,0.81%,3%,36%,True Neutral,"Argo-Related, Divine, Greek Mythology Males, Humanoid, Male, Servant, Weak to Enuma Elish",QAAAB
250,Demon King Nobunaga,織田信長 ;  織田吉法師 ;  魔王信長,"Oda Nobunaga (Avenger), Oda Kippōshi, Maou Nobunaga",Avenger,5.0,Unknown,B,C,C,B,B,A-,16,1953,12641.0,13838.0,1724,11761.0,12885.0,Kugimiya Rie,pako,Earth,S,30,5.9%,0.49%,5%,7%,Chaotic・Neutral,"Feminine Looking, Humanoid, King, Nobunaga, Servant, Weak to Enuma Elish",QABBB
251,Mori Nagayoshi,森長可,"Demon Musashi  ( 鬼武蔵,  Oni Musashi ? ), Mori-kun",Berserker,3.0,Male,B,C,D,E,D,C,7,1436,7732.0,10464.0,1443,8019.0,11510.0,Taniyama Kishou,Dd,Man,Linear,9,4.9%,0.5%,5%,65%,Chaotic・Insane,"Male, Humanoid, Servant, Weak to Enuma Elish",QAABB
252,Nagao Kagetora,長尾景虎,"Uesugi Kenshin  ( 上杉謙信 ? ),  Dragon of Echigo  ( 越後の龍 ? ),  Lancer of Eight Flowers  ( 八華のランサー ? )",Lancer,4.0,Female,C,C,A,D+,C+,B,12,1602,9617.0,11644.0,1817,11360.0,13774.0,Mizuki Nana,Takeuchi Takashi,Man,Reverse S,89,12.2%,0.45%,4%,35%,Lawful・Good,"Costume-Owning, Divine, Female, Humanoid, Riding, Servant, Weak to Enuma Elish",QAABB
253,Leonardo Da Vinci (Rider),レオナルド・ダ・ヴィンチ,"Da Vinci Lily, Loli Vinci, Gran Cavallo",Rider,5.0,Female,D,D,B,A,A+,B,16,1681,10883.0,11913.0,2069,14112.0,15460.0,Sakamoto Maaya,Simosi,Man,S,205,9%,0.49%,3%,30%,Lawful・Good,"Children Servants, Costume-Owning, Female, Humanoid, Riding, Servant",QAABB
254,Jason,イアソン,"Hero Scout, Aeson",Saber,1.0,Male,C,B,B+,D,A+,A,3,992,5457.0,8479.0,1515,7575.0,11677.0,Hoshi Soichirou,BLACK,Earth,Semi Reverse S,102,10%,0.37%,3%,31.5%,Lawful・Good,"Argo-Related, Brynhildr's Beloved, Greek Mythology Males, Humanoid, Male, Riding, Servant, Weak to Enuma Elish",QAABB
255,Paris,パリス,,Archer,2.0,Male,D,C,B,B+,A,A,4,1157,6523.0,9452.0,1474,7834.0,11306.0,Terasaki Yuka,Rin Kususaga,Earth,Semi Reverse S,153,8%,0.43%,3%,30.3%,True Neutral,"Argo-Related, Brynhildr's Beloved, Children Servants, Greek Mythology Males, Humanoid, Male, Servant, Weak to Enuma Elish",QQAAB
256,Gareth,ガレス,,Lancer,2.0,Female,C,B,A,D,D,C,4,960,5413.0,7844.0,1795,9537.0,13764.0,Kuwahara Yuuki,Nekotawawa,Earth,Semi S,88,12.1%,0.71%,4%,36.0%,Lawful・Good,"Brynhildr's Beloved, Female, Humanoid, Riding, Servant, Weak to Enuma Elish",QQABB
257,Bartholomew Roberts,バーソロミュー・ロバーツ,"Black Bart, Salazar ?",Rider,1.0,Male,C,D+,C,D,B,A,3,993,5461.0,8485.0,1344,6720.0,10359.0,Chiaki Kobayashi,Mata,Man,Linear,200,8.9%,0.65%,3%,45%,Chaotic・Evil,"Brynhildr's Beloved, Humanoid, Male, Riding, Servant, Weak to Enuma Elish",QQAAB
258,Chen Gong,陳宮,"Chén gōng, 公臺, Gongtai, Chinkyū",Caster,2.0,Male,C,D,B,B,C,C,4,1085,6119.0,8867.0,1459,7755.0,11192.0,Madono Mitsuaki,Wada Arco,Man,Semi-Reverse S,49,11%,0.4%,3%,42.%,Chaotic・Good,"Male, Humanoid, Servant, Weak to Enuma Elish",QAAAB
259,Charlotte Corday,シャルロット・コルデー,"Angel of Assassination  ( 暗殺の天使,  Ansatsu no Tenshi ? ), Marie-Anne Charlotte Corday d'Armont",Assassin,1.0,Female,E,E,D,E,B+,D,3,997,5488.0,8528.0,1244,6220.0,9588.0,Horie Yui,Aotsuki Takao,Man,Reverse S,100,24.7%,0.52%,4%,55%,Neutral・Good,"Female, Humanoid, Servant, Weak to Enuma Elish",QQAAB
260,Salome,サロメ,Salomé,Berserker,2.0,Female,B,B,B,D,C,B,4,1221,6884.0,9975.0,1296,6885.0,9936.0,Bridcutt Sarah Emi,Simosi,Earth,Semi Reverse S,9,5.0%,0.51%,5%,58.5%,Chaotic・Evil,"Female, Humanoid, Servant, Weak to Enuma Elish",QAABB
261,Miyamoto Musashi (Berserker),宮本武蔵;  新免武蔵守藤原玄信,Shinmen Musashi no Kami Fujiwara no Harunobu Miyamoto Iori (宮本伊織),Berserker,5.0,Female,A+,B,B,C,D,D,16,1964,12712.0,13915.0,1782,12150.0,13311.0,Sakura Ayane,Koyama Hirokazu,Man,Semi S,9,5%,0.51%,5%,52%,Chaotic・Good,"Costume-Owning, Divine, Female, Humanoid, Riding, Servant, Weak to Enuma Elish",QAABB
262,Osakabehime (Archer),刑部姫,Okki,Archer,4.0,Female,D,E,B,A,A,EX,12,1482,8895.0,10770.0,1996,12476.0,15127.0,Fukuen Misato,Moriyama Daisuke,Earth,S,153,8%,0.62%,3%,27%,Neutral・Summer,"Divine, Female, Humanoid, Servant, Weak to Enuma Elish",QAAAB
263,Carmilla (Rider),カーミラ,Mistress・C,Rider,4.0,Female,B,E,A++,D,B,B,12,1608,9651.0,11685.0,1676,10476.0,12702.0,Tanaka Atsuko,okojo,Earth,Reverse S,200,9.1%,0.52%,3%,45%,Neutral・Evil,"Female, Humanoid, Servant, Weak to Enuma Elish",QQAAB
264,Katsushika Hokusai (Saber),葛飾北斎,"Katsushika Oui  ( 葛飾 応為,  Katsushika Ōi ? , Daughter ); Tokitarō, Dragon-Crested Octopus, Darusen,  The Old Man Mad About Art Manji  ( 画狂老人卍,  Gakyō Rōjin Manji ? , Last renamed name )",Saber,4.0,Female,C,C,B,C-,B-,B,12,1564,9389.0,11368.0,1899,11873.0,14396.0,Yukana Nogami,Kuroboshi Kouhaku,Man,Semi Reverse S,99,10%,0.46%,3%,28.8%,Chaotic・Good,"Divine, Female, Humanoid, Servant, Threat to Humanity, Weak to Enuma Elish",QQAAB
265,Artoria Pendragon (Ruler),アルトリア･ペンドラゴン〔ルーラー〕,,Ruler,5.0,Female,C,A+,B,A,B,A+,16,1482,9593.0,10501.0,2480,16912.0,18528.0,Kawasumi Ayako,Ishida Akira,Sky,Linear,100,10.0%,0.57%,3%,21.0%,Lawful・Summer,"Arthur, Dragon, Female, King, Humanoid, Saberface, Servant, Weak to Enuma Elish",QQABB
266,Mysterious Alter Ego Λ,謎のアルターエゴ・Λ ;  ラムダリリス,"Mysterious Alter Ego Lambda, Lambdalilith, Lambdaryllis, Meltlilith (Lancer), Meltryllis (Lancer), Leviathan, Cruel Swim Tutu",Lancer,4.0,Female,C,E,A,B,A,B+,12,1543,9261.0,11213.0,1879,11749.0,14246.0,Hayami Saori,Wada Arco,Earth,Linear,91,12.1%,0.76%,4%,28%,Lawful・Good,"Costume-Owning, Demonic, Divine, Dragon, Female, Humanoid, Mechanical, Riding, Servant, Weak to Enuma Elish",QQAAB
267,Okita J Sōji,"オキタ・Ｊ・ソウジ ,  沖田総司","Okita Jet Sōji, Okita Sōji (Assassin)",Assassin,4.0,Female,D,E,A+,D,C,C,12,1556,9337.0,11305.0,1658,10366.0,12569.0,Yūki Aoi,Takeuchi Takashi,Man,Reverse S,99,25.3%,0.92%,4%,49.5%,Neutral・Summer,"Existence Outside the Domain, Female, Humanoid, Saberface, Servant, Weak to Enuma Elish",QQQAB
268,Space Ishtar,スペース・イシュタル,"Ishtar, Astarte, Ishtar-Astarte, Astoreth",Avenger,5.0,Female,B,EX,B,EX,C+,EX,16,1949,12612.0,13806.0,1912,13041.0,14287.0,Ueda Kana,Morii Shizuki,Star,S,29,6%,0.69%,5%,5%,Lawful・Evil,"Costume-Owning, Divine, Female, Humanoid, Servant",QAABB
269,Calamity Jane,カラミティ・ジェーン,"Martha Jane Canary, Martha Jane Cannary",Archer,4.0,Female,C,A,B,D,A,D,12,1499,8996.0,10892.0,1999,12495.0,15150.0,Touyama Nao,B-suke,Man,Linear,153,8%,0.71%,3%,40.5%,Chaotic・Neutral,"Brynhildr's Beloved, Female, Humanoid, Riding, Servant, Weak to Enuma Elish",QQAAB
270,Astolfo (Saber),アストルフォ,"Knight of Evaporated Sanity  ( 理性蒸発の騎士,  Risei Jōhatsu no Kishi ? ), Sailor Paladin",Saber,5.0,Unknown,C+,C,A,B,A++,B,16,1807,11694.0,12801.0,2089,14248.0,15609.0,Ookubo Rumi,Konoe Ototsugu,Earth,Reverse S,103,10.1%,0.52%,3%,24.5%,Chaotic・Good,"Feminine Looking, Humanoid, Riding, Servant, Weak to Enuma Elish",QQAAB
271,Nightingale (Santa),ナイチンゲール,"Angel of Crimea  ( クリミアの天使,  Kurimia no Tenshi ? ) Florence Nightingale (フローレンス・ナイチンゲール), Mercédès, The White Cloth of Steel, The Lady with the Lamp.",Archer,4.0,Female,D+,B+,B+,D+,A+,B,12,1643,9858.0,11936.0,1772,11080.0,13434.0,Sawashiro Miyuki,Takahashi Keitarō,Man,Linear,153,8%,0.6%,3%,39.3%,Lawful・Good,"Female, Humanoid, Servant, Weak to Enuma Elish",QQAAB
272,Super Orion,超人オリオン,"Orion , Superhuman Orion",Archer,5.0,Male,A,A,B+,C,A,EX,16,1940,12557.0,13746.0,1979,13494.0,14783.0,Canna Nobutoshi,I-IV,Earth,Semi Reverse S,153,8%,0.96%,3%,36%,Chaotic・Neutral,"Brynhildr's Beloved, Divine, Greek Mythology Males, Humanoid, Male, Servant, Weak to Enuma Elish",QABBB
273,Mandricardo,マンドリカルド,"Rodomonte, My Friend",Rider,3.0,Male,C,B,A,C,B,A,7,1254,6756.0,9143.0,1728,9600.0,13016.0,Masuda Toshiki,Ginka,Man,S,200,9%,0.86%,3%,40%,True Neutral,"Brynhildr's Beloved, Humanoid, King, Male, Riding, Servant, Weak to Enuma Elish",QQAAB
274,Europa,エウロペ,Europe,Rider,5.0,Female,E,E,D,B,A,A,16,1813,11737.0,12848.0,1843,12571.0,13219.0,M・A・O,redjuice,Sky,Linear,205,8.9%,0.58%,3%,35%,Neutral・Good,"Divine, Female, Humanoid, Riding, Weak to Enuma Elish",QAABB
275,Yang Guifei,楊貴妃,"Yang Yuhuan  ( 楊玉環 ヤン・ユーファン ? ), Cthugha, Youkihi, Yuyu",Foreigner,5.0,Female,D,C,B,A,D,B+,16,1907,12342.0,13510.0,1960,13365.0,14642.0,Haruka Yoshimura,Kuroboshi Kouhaku,Man,Linear,147,15%,0.51%,3%,6%,Chaotic・Good,"Divine, Existence Outside the Domain, Female, Humanoid, Servant, Threat to Humanity, Weak to Enuma Elish",QQAAB
276,Sei Shōnagon,清少納言,"Sparkling Archer  ( キラキラのアーチャー ? ), Nagiko(諾子)",Archer,5.0,Female,E,D,B,C,A,D++,16,1888,12218.0,13374.0,1901,12965.0,14204.0,Ai Fairouz,Mika Pikazo,Man,Semi S,153,8%,0.57%,3%,36%,Chaotic・Good,"Female, Humanoid, Servant, Weak to Enuma Elish",QQAAB
277,Odysseus,オデュッセウス,"Ulysses, Vlixes",Rider,5.0,Male,C,A+,D,B+,EX,B,16,1822,11795.0,12911.0,1948,13284.0,14553.0,Takuya Kirimoto,redjuice,Earth,Reverse S,208,8.9%,0.58%,3%,33.7%,Neutral・Good,"Brynhildr's Beloved, Greek Mythology Males, Humanoid, King, Male, Riding, Servant, Weak to Enuma Elish",QQAAB
278,Dioscuri,ディオスクロイ,"Dioskouroi, the Gemini Twins, Castor & Pollux(カストロ & ポルクス)",Saber,5.0,Unknown,A,A++,B,C,C,B,16,1829,11840.0,12961.0,2174,14824.0,16240.0,"Uchida Yuuma, Uchida Maaya",Taiki,Sky,Semi Reverse S,99,10%,0.51%,3%,28%,Chaotic・Neutral,"Argo-Related, Brynhildr's Beloved, Divine, Feminine Looking, Humanoid, Riding, Servant, Weak to Enuma Elish",QQAAB
279,Caenis,カイニス,"Caeneus,  Poseidon's Proxy , Golden Caenis(黄金のカイニス)",Lancer,4.0,Unknown,A,B+,A,D,B,C,12,1649,9896.0,11982.0,1845,11532.0,13982.0,Komatsu Mikako,Azusa,Earth,Linear,90,12.2%,0.86%,4%,36%,Neutral・Evil,"Argo-Related, Brynhildr's Beloved, Divine, Feminine Looking, Humanoid, King, Servant, Weak to Enuma Elish",QQABB
280,Romulus-Quirinus,ロムルス＝クィリヌス,"Romulus , Quirinus, Janus Quirinus, The Divine Ancestor, King of Nation Building, Roma",Lancer,5.0,Unknown,A,C,A,B++,EX,A,16,1896,12273.0,13435.0,1999,13632.0,14934.0,Okiayu Ryoutarou,Koyama Hirokazu,Sky,Semi Reverse S,93,12.2%,0.59%,4%,26%,Chaotic・Neutral,"Divine, Humanoid, Roman, Servant, Weak to Enuma Elish",QAABB
281,Voyager,ボイジャー,"Voyager 1, Little Prince, Pran",Foreigner,5.0,Male,E,C,A+,B,A,B,16,1615,10450.0,11439.0,2286,15592.0,17082.0,Iguchi Yuka,NOCO,Star,Linear,153,15.1%,0.56%,3%,7%,Neutral・Good,"Children Servants, Existence Outside the Domain, Humanoid, Male, Servant",QQAAB
282,Kijyo Kōyō,鬼女紅葉,Momiji  ( 紅葉 ? ),Berserker,4.0,Female,B,B,D,B,D,C,12,1529,9177.0,11111.0,1800,11250.0,13640.0,Hikasa Yōko,NOCO,Earth,Semi Reverse S,9,4.9%,0.85%,5%,45.5%,Neutral・Evil,"Demonic, Demonic Beast Servants (Stage 1) , Dragon, Female, Humanoid, Oni, Servant, Weak to Enuma Elish",QABBB
283,Utsumi Erice,宇津見エリセ,"Erichi, Grim Reaper",Lancer,4.0,Female,C,C,B,C,E,B,12,1520,9122.0,11045.0,1918,11991.0,14539.0,Kitō Akari,NOCO,Man,Semi S,87,12%,0.63%,4%,32%,Lawful・Neutral,"Children Servants, Divine, Female, Humanoid, Living Human, Riding, Servant, Weak to Enuma Elish",QQAAB
284,Artoria Caster,アルトリア・キャスター,"Castoria, CasSeiba",Caster,5.0,Female,B,D,B,A,B,A++,16,1629,10546.0,11544.0,2112,14406.0,15782.0,Kawasumi Ayako,Takeuchi Takashi,Star,S,50,11%,0.54%,3%,36%,Neutral・Good,"Arthur, Female, Humanoid, Saberface, Servant",QAAAB
285,Sesshōin Kiara (Moon Cancer),殺生院キアラ,"Yao Bikuni  ( 八百比丘尼 ? ), Sessyoin Kiara, Sesshouin Kiara",Moon Cancer,5.0,Female,C,A+,C,A+,B,A+,16,1719,11128.0,12181.0,2249,15336.0,16801.0,Tanaka Rie,Wada Arco,Earth,S,50,14.8%,0.6%,3%,0.5%,Lawful・Evil,"Demonic Beast Servants (Stage 3) , Female, Humanoid, Servant, Weak to Enuma Elish",QAABB
286,Illyasviel von Einzbern (Archer),イリヤスフィール・フォン・アインツベルン,Illya,Archer,4.0,Female,C,C,B,B,C-,A,12,1683,10098.0,12226.0,1746,10914.0,13233.0,"Kadowaki Mai, Takano Naoko",Hiroyama Hiroshi,Man,Semi Reverse S,148,8%,0.63%,3%,31.5%,Neutral・Summer,"Children Servants, Female, Humanoid, Illya, Living Human, Pseudo-Servants, Servant, Weak to Enuma Elish",QQAAB
287,Brynhildr (Berserker),ブリュンヒルデ,"Brynhild (Brünnhilde), Sigrdrífa",Berserker,4.0,Female,C,C,A,B,EX,B,12,1699,10197.0,12346.0,1603,10023.0,12153.0,Noto Mamiko,Miwa Shirō,Sky,Semi Reverse S,10,5.1%,0.85%,5%,45.5%,Neutral・Good,"Divine, Female, Humanoid, Servant, Weak to Enuma Elish",QABBB
288,Consort Yu (Lancer),虞美人,"Yu Mei-ren, Yu the Beauty,  Akuta Hinako  ( 芥ヒナコ ? ) Crimson Beauty Under the Moon  ( 紅の月下美人 ? ), Gubijin, Gucchan",Lancer,4.0,Female,B,D,A,A,C,C,12,1649,9896.0,11982.0,1799,11245.0,13634.0,Ise Mariya,toi8,Earth,Reverse S,89,12.2%,1.1%,4%,24%,Lawful・Evil,"Demonic, Humanoid, Female, Servant, Weak to Enuma Elish",QQABB
289,Abigail Williams (Summer),アビゲイル・ウィリアムズ,"The Key to the Gate, Sut-Typhon, Yog-Sothoth, All-in-One, One-in-All, Abby",Foreigner,5.0,Female,C,B,B,A,B,A,16,1820,11781.0,12896.0,2090,14250.0,15611.0,Ōwada Hitomi,Kuroboshi Kouhaku,Earth,S,150,15%,0.86%,3%,6%,Lawful・Evil,"Children Servants, Divine, Existence Outside the Domain, Female, Humanoid, Servant, Threat to Humanity",QQABB
290,Tomoe Gozen (Saber),巴御前,,Saber,4.0,Female,B,A,B,B,A,B,12,1590,9544.0,11556.0,1957,12233.0,14832.0,Kanemoto Hisako,Shirabi,Earth,Linear,102,10%,0.55%,3%,24.5%,Neutral ・ Good,"Demonic, Female, Genji, Humanoid, Oni, Riding, Servant, Weak to Enuma Elish",QAABB
291,Murasaki Shikibu (Rider),紫式部,"Fujiwara no Kaoruko  ( 藤原香子 ? ), Lady Murasaki",Rider,4.0,Female,E,C,D,B,A+,C,12,1455,8730.0,10570.0,1900,11880.0,14404.0,Kayano Ai,Honjou Raita,Man,Linear,205,8.8%,0.53%,3%,35%,Neutral・Good,"Female, Humanoid, Riding, Servant, Weak to Enuma Elish",QQAAB
292,Himiko,卑弥呼,Shingi Waō  ( 親魏倭王 ? ),Ruler,5.0,Female,B++,B,C,A,B,B,16,1647,10659.0,11668.0,2200,15000.0,16433.0,Tamura Yukari,toi8,Earth,Reverse S,100,9.9%,0.57%,3%,21%,Chaotic・Good,"Female, Humanoid, King, Servant, Weak to Enuma Elish",QAABB
293,Saitō Hajime,斎藤一,Hajime-chan,Saber,4.0,Male,B,C,B+,E,A,C,12,1570,9425.0,11412.0,1899,11873.0,14396.0,Ishikawa Kaito,Ikezawa Shin,Man,Linear,102,10%,0.76%,3%,35%,Lawful ・ Neutral,"Humanoid, Male, Servant, Weak to Enuma Elish",QAABB
294,Oda Nobukatsu,織田信勝,Kattsu,Archer,1.0,Male,D,D,C,E,E,D,3,930,5116.0,7949.0,1512,7563.0,11659.0,"Yamashita Daiki, Kugimiya Rie",pako,Man,Reverse S,145,7.9%,0.75%,3%,45%,Chaotic・Good,"Humanoid, Male, Servant, Weak to Enuma Elish",QQABB
295,Van Gogh,ヴァン・ゴッホ,"Vincent Van Gogh  ( ヴィンセント・ヴァン・ゴッホ ? ),  Clytie  ( クリュティエ ? ) ,  Clytie Van Gogh  ( クリュティエ＝ヴァン・ゴッホ ? )",Foreigner,5.0,Female,E,B,C,A,D,A+,16,1734,11220.0,12282.0,2200,15000.0,16433.0,Takahashi Karin,Kibadori Rue,Earth,Semi Reverse S,147,14.9%,0.76%,3%,6%,Chaotic・Evil,"Children Servants, Divine, Existence Outside the Domain, Female, Humanoid, Servant, Threat to Humanity, Weak To Enuma Elish",QQQAB
296,Nemo,ネモ,"Captain Nemo, Captain, Prince, Nameless, Prince Dakkar, Triton",Rider,5.0,Male,C,B,C,A,A,B,16,1766,11427.0,12427.0,2006,13680.0,14680.0,Hanamori Yumiri,DANGERDROP,Sky,Semi S,204,8.9%,0.59%,3%,30%,Chaotic・Neutral,"Argo-Related, Brynhildr's Beloved, Divine, Greek Mythology Males, Male, Riding, Humanoid, Servant, Weak to Enuma Elish",QAABB
297,Ashiya Dōman,蘆屋道満,"Dōma Hōshi  ( 道摩法師 ? ),  Caster  Limbo  ( キャスター・リンボ ? ) ,  Rasetsu-Ō・Cranial Eboshi Ashiya Dōman  ( 羅刹王・髑髏烏帽子蘆屋道満 ? )",Alter Ego,5.0,Unknown,C,D,E,EX,B,B,16,1893,12252.0,13412.0,1945,13266.0,14533.0,Morikawa Toshiyuki,Furumi Showichi,Earth,Sem Reverse S,100,9.7%,0.7%,4%,25%,Chaotic・Evil,"Demonic, Divine, Humanoid, Servant, Weak to Enuma Elish",QQAAB
298,Watanabe no Tsuna,渡辺綱,,Saber,4.0,Male,B,C,A+,C,B,B,12,1687,10123.0,12257.0,1799,11248.0,13638.0,Akabane Kenji,Hidari,Man,Semi Reverse S,100,10.2%,0.6%,3%,28%,Neutral・Good,"Brynhildr's Beloved, Genji, Humanoid, Riding, Servant, Weak to Enuma Elish",QAABB
299,Ibuki Dōji,伊吹童子,Shuten Dōji,Saber,5.0,Female,A+,C,C,EX,D,A+,16,1964,12709.0,13912.0,1979,13498.0,14788.0,Yūki Aoi,Honjou Raita,Sky,Linear,98,9.9%,0.78%,3%,17.5%,Chaotic・Good,"Costume-Owning, Demonic, Demonic Beast Servant, Divine, Dragon, Female, Giant, Oni, Riding, Servant, Weak to Enuma Elish",QABBB
300,Vritra,ヴリトラ,,Lancer,5.0,Female,A,C,A,A,D,EX,16,1905,12332.0,13499.0,1999,13632.0,14934.0,Asahina Madoka,La-na,Sky,Semi Reverse S,88,12.2%,0.55%,4%,24%,Neutral・Evil,"Demonic, Demonic Beast Servant, Dragon, Humanoid, Servant, Weak to Enuma Elish",QQAAB
301,Karna (Santa),カルナ〔サンタ〕,,Saber,4.0,Male,B,A,EX,D,C,A,12,1530,9180.0,11115.0,2060,12877.0,15613.0,Yusa Kouji,pako,Sky,,99,10.2%,0.78%,3%,31.5%,Lawful・Good,"Divine, Humanoid, Servant, Weak to Enuma Elish",QQABB
302,Senji Muramasa,千子村正,"Sengo Muramasa,  Emiya Shirou  ( 衛宮士郎,  Emiya Shirō ? )",Saber,5.0,Male,B,A,D,E,B,A+,16,1757,11373.0,12449.0,2153,14680.0,16083.0,Sugiyama Noriaki,Takeuchi Takashi,Man,Semi S,100,9.8%,0.59%,3%,35%,Chaotic・Neutral,"Living Human, Humanoid, Male, Pseudo-Servant, Servants, Weak to Enuma Elish",QAABB
303,Taira no Kagekiyo,平景清,"Kurō Hōgan Yoshitsune  ( 九郎判官義経 ? ),  Minamoto no Yoshitsune  ( 源義経 ? )",Avenger,5.0,Unknown,D,A,A+,B,B,B+,16,1963,12705.0,13908.0,1777,12117.0,13275.0,Hayami Saori,Sakamoto Mineji,Earth,Linear,30,6.1%,0.81%,5%,7%,Chaotic・Evil,"Brynhildr's Beloved, Feminine Looking Servant, Genji, Humanoid, Servant, Weak to Enuma Elish",QQAAB
304,Kiichi Hōgen,鬼一法眼,"Kiichi Hougen, Oniichi Hōgen, Sōjōbō, Soujoubou",Assassin,4.0,Unknown,D,C,A+,EX,B,A+,12,1572,9434.0,11423.0,1786,11168.0,13541.0,Kakuma Ai,Ohmori Aoi,Earth,Semi Reverse S,100,25.6%,0.56%,4%,27.5%,Chaotic・Neutral,"Demonic, Feminine Looking, Humanoid, Servant, Weak to Enuma Elish",QQABB
305,Caren C Hortensia (Amor Caren),カレン・C・オルテンシア（アムール〔カレン〕）;  アムール ;  カレン・C・オルテンシア ;  ゴッドカレン ;,"Caren Hortensia , Amor, God Caren",Ruler,5.0,Female,C-,A+,B-,C-,A-,EX,16,1754,11351.0,12425.0,2029,13837.0,15159.0,Koshimizu Ami,Morii Shizuki,Sky,Semi Reverse S,101,9.9%,0.57%,3%,28.8%,Lawful・Good,"Costume-Owning, Divine, Female, Humanoid, Living Human, Pseudo-Servants, Roman, Servant, Weak to Enuma Elish",QQAAB
306,Galatea,ガラテア,,Berserker,5.0,Female,A,EX,E,B+,C+,A+,16,1764,11414.0,12517.0,2059,14040.0,15143.0,Suegara Rie,Shimada Fumikane,Earth,S,9,4.8%,0.6%,5%,43.8%,Chaotic・Neutral,"Female, Humanoid, Mechanical, Servant, Weak to Enuma Elish",QABBB
307,Miss Crane,ミス・クレーン,Tsurume-no-Kimi  ( 鶴女 つるめ の 君 きみ ? ),Caster,5.0,Female,E,E,D+,C+,D,EX,16,1506,9749.0,10672.0,2195,14971.0,16401.0,Mizuhashi Kaori,Shaka P (DELiGHTWORKS),Earth,Linear,49,10.8%,0.39%,3%,46.5%,Neutral・Good,"Female, Humanoid, Servant, Weak to Enuma Elish",QAAAB
308,Mysterious Idol X (Alter),謎のアイドルＸ〔オルタ〕,MIXA,Foreigner,4.0,Female,C,C,B,B+,A,B,12,1507,9045.0,10952.0,1980,12375.0,15004.0,Kawasumi Ayako,BUNBUN,Star,S,153,15%,0.9%,3%,6.7%,Neutral・Good,"Arthur, Dragon, Existence Outside the Domain, Female, Humanoid, King, Servant",QQABB
